name	term	lev	seq	value
"external encapsulating structure"	GO:0030312;GO:0031012	2	LOC111102833	0
"external encapsulating structure"	GO:0030312;GO:0031012	2	LOC111102987	0
"external encapsulating structure"	GO:0030312;GO:0031012	2	LOC111108171	0
"external encapsulating structure"	GO:0030312;GO:0031012	2	LOC111118371	0
"external encapsulating structure"	GO:0030312;GO:0031012	2	LOC111118558	1
"external encapsulating structure"	GO:0030312;GO:0031012	2	LOC111118864	0
"external encapsulating structure"	GO:0030312;GO:0031012	2	LOC111118864	0
"external encapsulating structure"	GO:0030312;GO:0031012	2	LOC111119559	0
"external encapsulating structure"	GO:0030312;GO:0031012	2	LOC111120068	0
"external encapsulating structure"	GO:0030312;GO:0031012	2	LOC111120390	0
"external encapsulating structure"	GO:0030312;GO:0031012	2	LOC111120394	0
"external encapsulating structure"	GO:0030312;GO:0031012	2	LOC111120559	0
"external encapsulating structure"	GO:0030312;GO:0031012	2	LOC111121165	0
"external encapsulating structure"	GO:0030312;GO:0031012	2	LOC111121200	0
"external encapsulating structure"	GO:0030312;GO:0031012	2	LOC111121411	0
"external encapsulating structure"	GO:0030312;GO:0031012	2	LOC111125647	0
"external encapsulating structure"	GO:0030312;GO:0031012	2	LOC111126774	0
"external encapsulating structure"	GO:0030312;GO:0031012	2	LOC111128599	0
"external encapsulating structure"	GO:0030312;GO:0031012	2	LOC111130331	0
"external encapsulating structure"	GO:0030312;GO:0031012	2	LOC111130568	0
"external encapsulating structure"	GO:0030312;GO:0031012	2	LOC111136991	0
"external encapsulating structure"	GO:0030312;GO:0031012	2	LOC111137450	0
"extracellular space"	GO:0005615	2	LOC111103287	0
"extracellular space"	GO:0005615	2	LOC111106284	0
"extracellular space"	GO:0005615	2	LOC111107422	0
"extracellular space"	GO:0005615	2	LOC111108180	0
"extracellular space"	GO:0005615	2	LOC111108253	0
"extracellular space"	GO:0005615	2	LOC111120232	0
"extracellular space"	GO:0005615	2	LOC111128531	0
"extracellular space"	GO:0005615	2	LOC111130380	0
"extracellular space"	GO:0005615	2	LOC111130703	0
"extracellular space"	GO:0005615	2	LOC111134145	0
"extracellular space"	GO:0005615	2	LOC111134572	0
"nucleolus"	GO:0005730	3	LOC111099864	0
"nucleolus"	GO:0005730	3	LOC111103287	0
"nucleolus"	GO:0005730	3	LOC111104803	0
"nucleolus"	GO:0005730	3	LOC111105250	0
"nucleolus"	GO:0005730	3	LOC111105251	0
"nucleolus"	GO:0005730	3	LOC111107528	0
"nucleolus"	GO:0005730	3	LOC111108692	0
"nucleolus"	GO:0005730	3	LOC111108692	0
"nucleolus"	GO:0005730	3	LOC111108729	0
"nucleolus"	GO:0005730	3	LOC111112550	0
"nucleolus"	GO:0005730	3	LOC111113216	0
"nucleolus"	GO:0005730	3	LOC111118411	0
"nucleolus"	GO:0005730	3	LOC111119138	0
"nucleolus"	GO:0005730	3	LOC111120507	0
"nucleolus"	GO:0005730	3	LOC111120507	0
"nucleolus"	GO:0005730	3	LOC111125134	1
"nucleolus"	GO:0005730	3	LOC111127020	0
"nucleolus"	GO:0005730	3	LOC111127723	0
"nucleolus"	GO:0005730	3	LOC111129080	0
"nucleolus"	GO:0005730	3	LOC111131100	0
"nucleolus"	GO:0005730	3	LOC111131100	0
"nucleolus"	GO:0005730	3	LOC111131100	0
"nucleolus"	GO:0005730	3	LOC111131116	0
"nucleolus"	GO:0005730	3	LOC111132028	0
"nucleolus"	GO:0005730	3	LOC111133940	0
"nucleolus"	GO:0005730	3	LOC111134031	0
"nucleolus"	GO:0005730	3	LOC111134031	0
"nucleolus"	GO:0005730	3	LOC111134031	0
"nucleolus"	GO:0005730	3	LOC111135382	0
"nucleolus"	GO:0005730	3	LOC111137525	0
"nucleolus"	GO:0005730	3	LOC111138302	0
"nucleoplasm"	GO:0005654	2	LOC111099040	1
"nucleoplasm"	GO:0005654	2	LOC111100089	0
"nucleoplasm"	GO:0005654	2	LOC111102987	0
"nucleoplasm"	GO:0005654	2	LOC111103048	0
"nucleoplasm"	GO:0005654	2	LOC111103596	0
"nucleoplasm"	GO:0005654	2	LOC111104697	0
"nucleoplasm"	GO:0005654	2	LOC111104835	1
"nucleoplasm"	GO:0005654	2	LOC111104835	1
"nucleoplasm"	GO:0005654	2	LOC111105905	0
"nucleoplasm"	GO:0005654	2	LOC111107284	0
"nucleoplasm"	GO:0005654	2	LOC111108692	0
"nucleoplasm"	GO:0005654	2	LOC111110504	0
"nucleoplasm"	GO:0005654	2	LOC111110504	0
"nucleoplasm"	GO:0005654	2	LOC111110554	0
"nucleoplasm"	GO:0005654	2	LOC111110976	0
"nucleoplasm"	GO:0005654	2	LOC111110976	0
"nucleoplasm"	GO:0005654	2	LOC111111287	0
"nucleoplasm"	GO:0005654	2	LOC111111582	0
"nucleoplasm"	GO:0005654	2	LOC111112699	0
"nucleoplasm"	GO:0005654	2	LOC111112793	0
"nucleoplasm"	GO:0005654	2	LOC111112938	0
"nucleoplasm"	GO:0005654	2	LOC111114714	1
"nucleoplasm"	GO:0005654	2	LOC111115993	0
"nucleoplasm"	GO:0005654	2	LOC111116101	0
"nucleoplasm"	GO:0005654	2	LOC111116102	0
"nucleoplasm"	GO:0005654	2	LOC111118301	0
"nucleoplasm"	GO:0005654	2	LOC111118363	1
"nucleoplasm"	GO:0005654	2	LOC111119669	0
"nucleoplasm"	GO:0005654	2	LOC111119704	0
"nucleoplasm"	GO:0005654	2	LOC111119845	0
"nucleoplasm"	GO:0005654	2	LOC111119868	0
"nucleoplasm"	GO:0005654	2	LOC111120622	0
"nucleoplasm"	GO:0005654	2	LOC111120873	0
"nucleoplasm"	GO:0005654	2	LOC111121228	0
"nucleoplasm"	GO:0005654	2	LOC111122154	0
"nucleoplasm"	GO:0005654	2	LOC111124467	0
"nucleoplasm"	GO:0005654	2	LOC111124641	0
"nucleoplasm"	GO:0005654	2	LOC111124747	0
"nucleoplasm"	GO:0005654	2	LOC111125112	0
"nucleoplasm"	GO:0005654	2	LOC111125362	0
"nucleoplasm"	GO:0005654	2	LOC111125539	0
"nucleoplasm"	GO:0005654	2	LOC111125789	0
"nucleoplasm"	GO:0005654	2	LOC111126154	0
"nucleoplasm"	GO:0005654	2	LOC111126706	0
"nucleoplasm"	GO:0005654	2	LOC111126966	0
"nucleoplasm"	GO:0005654	2	LOC111128041	0
"nucleoplasm"	GO:0005654	2	LOC111128041	0
"nucleoplasm"	GO:0005654	2	LOC111128213	0
"nucleoplasm"	GO:0005654	2	LOC111128698	0
"nucleoplasm"	GO:0005654	2	LOC111128871	0
"nucleoplasm"	GO:0005654	2	LOC111129017	1
"nucleoplasm"	GO:0005654	2	LOC111129143	0
"nucleoplasm"	GO:0005654	2	LOC111129462	0
"nucleoplasm"	GO:0005654	2	LOC111129912	0
"nucleoplasm"	GO:0005654	2	LOC111129960	0
"nucleoplasm"	GO:0005654	2	LOC111130158	0
"nucleoplasm"	GO:0005654	2	LOC111130158	0
"nucleoplasm"	GO:0005654	2	LOC111130228	0
"nucleoplasm"	GO:0005654	2	LOC111130693	0
"nucleoplasm"	GO:0005654	2	LOC111131243	0
"nucleoplasm"	GO:0005654	2	LOC111131638	0
"nucleoplasm"	GO:0005654	2	LOC111132036	0
"nucleoplasm"	GO:0005654	2	LOC111132107	0
"nucleoplasm"	GO:0005654	2	LOC111133172	0
"nucleoplasm"	GO:0005654	2	LOC111133414	0
"nucleoplasm"	GO:0005654	2	LOC111133589	0
"nucleoplasm"	GO:0005654	2	LOC111134008	0
"nucleoplasm"	GO:0005654	2	LOC111134031	0
"nucleoplasm"	GO:0005654	2	LOC111134032	0
"nucleoplasm"	GO:0005654	2	LOC111134136	0
"nucleoplasm"	GO:0005654	2	LOC111134365	0
"nucleoplasm"	GO:0005654	2	LOC111134876	0
"nucleoplasm"	GO:0005654	2	LOC111135002	0
"nucleoplasm"	GO:0005654	2	LOC111135047	0
"nucleoplasm"	GO:0005654	2	LOC111135228	0
"nucleoplasm"	GO:0005654	2	LOC111136004	0
"nucleoplasm"	GO:0005654	2	LOC111136440	0
"nucleoplasm"	GO:0005654	2	LOC111136697	1
"nucleoplasm"	GO:0005654	2	LOC111136879	0
"nucleoplasm"	GO:0005654	2	LOC111136891	0
"nucleoplasm"	GO:0005654	2	LOC111136972	0
"nucleoplasm"	GO:0005654	2	LOC111137707	0
"nucleoplasm"	GO:0005654	2	LOC111137861	0
"nucleoplasm"	GO:0005654	2	LOC111137927	0
"nucleoplasm"	GO:0005654	2	LOC111138291	0
"nucleoplasm"	GO:0005654	2	LOC111138461	0
"nucleoplasm"	GO:0005654	2	LOC111138479	0
"cytosol"	GO:0005829	2	LOC111100135	0
"cytosol"	GO:0005829	2	LOC111102563	1
"cytosol"	GO:0005829	2	LOC111103250	0
"cytosol"	GO:0005829	2	LOC111107575	0
"cytosol"	GO:0005829	2	LOC111108354	1
"cytosol"	GO:0005829	2	LOC111108409	0
"cytosol"	GO:0005829	2	LOC111120665	0
"cytosol"	GO:0005829	2	LOC111120973	0
"cytosol"	GO:0005829	2	LOC111121111	0
"cytosol"	GO:0005829	2	LOC111123691	0
"cytosol"	GO:0005829	2	LOC111124476	0
"cytosol"	GO:0005829	2	LOC111125905	1
"cytosol"	GO:0005829	2	LOC111129591	0
"cytosol"	GO:0005829	2	LOC111137833	0
"extracellular region"	GO:0005576	2	LOC111099603	0
"extracellular region"	GO:0005576	2	LOC111100336	0
"extracellular region"	GO:0005576	2	LOC111100400	0
"extracellular region"	GO:0005576	2	LOC111100401	1
"extracellular region"	GO:0005576	2	LOC111100411	0
"extracellular region"	GO:0005576	2	LOC111100851	0
"extracellular region"	GO:0005576	2	LOC111101134	0
"extracellular region"	GO:0005576	2	LOC111101428	0
"extracellular region"	GO:0005576	2	LOC111101719	0
"extracellular region"	GO:0005576	2	LOC111103339	0
"extracellular region"	GO:0005576	2	LOC111103518	0
"extracellular region"	GO:0005576	2	LOC111103901	0
"extracellular region"	GO:0005576	2	LOC111103928	0
"extracellular region"	GO:0005576	2	LOC111104292	0
"extracellular region"	GO:0005576	2	LOC111104457	0
"extracellular region"	GO:0005576	2	LOC111104695	0
"extracellular region"	GO:0005576	2	LOC111104775	1
"extracellular region"	GO:0005576	2	LOC111105146	0
"extracellular region"	GO:0005576	2	LOC111105244	0
"extracellular region"	GO:0005576	2	LOC111105616	0
"extracellular region"	GO:0005576	2	LOC111105842	0
"extracellular region"	GO:0005576	2	LOC111106221	0
"extracellular region"	GO:0005576	2	LOC111106464	0
"extracellular region"	GO:0005576	2	LOC111106679	0
"extracellular region"	GO:0005576	2	LOC111107029	0
"extracellular region"	GO:0005576	2	LOC111107159	0
"extracellular region"	GO:0005576	2	LOC111107338	0
"extracellular region"	GO:0005576	2	LOC111108225	0
"extracellular region"	GO:0005576	2	LOC111108243	0
"extracellular region"	GO:0005576	2	LOC111108282	0
"extracellular region"	GO:0005576	2	LOC111110394	0
"extracellular region"	GO:0005576	2	LOC111110644	0
"extracellular region"	GO:0005576	2	LOC111110844	0
"extracellular region"	GO:0005576	2	LOC111113127	0
"extracellular region"	GO:0005576	2	LOC111114902	0
"extracellular region"	GO:0005576	2	LOC111115586	0
"extracellular region"	GO:0005576	2	LOC111116071	0
"extracellular region"	GO:0005576	2	LOC111117024	0
"extracellular region"	GO:0005576	2	LOC111117044	0
"extracellular region"	GO:0005576	2	LOC111117309	0
"extracellular region"	GO:0005576	2	LOC111117354	1
"extracellular region"	GO:0005576	2	LOC111117359	0
"extracellular region"	GO:0005576	2	LOC111117429	0
"extracellular region"	GO:0005576	2	LOC111117630	0
"extracellular region"	GO:0005576	2	LOC111117646	0
"extracellular region"	GO:0005576	2	LOC111118078	0
"extracellular region"	GO:0005576	2	LOC111118304	0
"extracellular region"	GO:0005576	2	LOC111119585	0
"extracellular region"	GO:0005576	2	LOC111119602	0
"extracellular region"	GO:0005576	2	LOC111119604	0
"extracellular region"	GO:0005576	2	LOC111119640	0
"extracellular region"	GO:0005576	2	LOC111120676	1
"extracellular region"	GO:0005576	2	LOC111120821	0
"extracellular region"	GO:0005576	2	LOC111121090	0
"extracellular region"	GO:0005576	2	LOC111122017	0
"extracellular region"	GO:0005576	2	LOC111122109	0
"extracellular region"	GO:0005576	2	LOC111122308	0
"extracellular region"	GO:0005576	2	LOC111122309	0
"extracellular region"	GO:0005576	2	LOC111122503	0
"extracellular region"	GO:0005576	2	LOC111122544	0
"extracellular region"	GO:0005576	2	LOC111122706	0
"extracellular region"	GO:0005576	2	LOC111123069	0
"extracellular region"	GO:0005576	2	LOC111123212	0
"extracellular region"	GO:0005576	2	LOC111123264	1
"extracellular region"	GO:0005576	2	LOC111124129	1
"extracellular region"	GO:0005576	2	LOC111125060	0
"extracellular region"	GO:0005576	2	LOC111125402	0
"extracellular region"	GO:0005576	2	LOC111126284	0
"extracellular region"	GO:0005576	2	LOC111126298	0
"extracellular region"	GO:0005576	2	LOC111126588	0
"extracellular region"	GO:0005576	2	LOC111126589	0
"extracellular region"	GO:0005576	2	LOC111126608	1
"extracellular region"	GO:0005576	2	LOC111127896	0
"extracellular region"	GO:0005576	2	LOC111128244	0
"extracellular region"	GO:0005576	2	LOC111128901	0
"extracellular region"	GO:0005576	2	LOC111128902	0
"extracellular region"	GO:0005576	2	LOC111128913	0
"extracellular region"	GO:0005576	2	LOC111129019	0
"extracellular region"	GO:0005576	2	LOC111129020	0
"extracellular region"	GO:0005576	2	LOC111129021	0
"extracellular region"	GO:0005576	2	LOC111129851	0
"extracellular region"	GO:0005576	2	LOC111129876	0
"extracellular region"	GO:0005576	2	LOC111129967	0
"extracellular region"	GO:0005576	2	LOC111130019	0
"extracellular region"	GO:0005576	2	LOC111130294	0
"extracellular region"	GO:0005576	2	LOC111130353	0
"extracellular region"	GO:0005576	2	LOC111130416	0
"extracellular region"	GO:0005576	2	LOC111130756	0
"extracellular region"	GO:0005576	2	LOC111130989	0
"extracellular region"	GO:0005576	2	LOC111131160	0
"extracellular region"	GO:0005576	2	LOC111131160	0
"extracellular region"	GO:0005576	2	LOC111131277	0
"extracellular region"	GO:0005576	2	LOC111131278	0
"extracellular region"	GO:0005576	2	LOC111131301	0
"extracellular region"	GO:0005576	2	LOC111131546	0
"extracellular region"	GO:0005576	2	LOC111132343	0
"extracellular region"	GO:0005576	2	LOC111132923	0
"extracellular region"	GO:0005576	2	LOC111133045	0
"extracellular region"	GO:0005576	2	LOC111133197	0
"extracellular region"	GO:0005576	2	LOC111133750	0
"extracellular region"	GO:0005576	2	LOC111134680	0
"extracellular region"	GO:0005576	2	LOC111134737	0
"extracellular region"	GO:0005576	2	LOC111135083	0
"extracellular region"	GO:0005576	2	LOC111135093	0
"extracellular region"	GO:0005576	2	LOC111135196	0
"extracellular region"	GO:0005576	2	LOC111135742	0
"extracellular region"	GO:0005576	2	LOC111135956	0
"extracellular region"	GO:0005576	2	LOC111135992	0
"extracellular region"	GO:0005576	2	LOC111136011	0
"extracellular region"	GO:0005576	2	LOC111136549	0
"extracellular region"	GO:0005576	2	LOC111136669	0
"extracellular region"	GO:0005576	2	LOC111137772	0
"obsolete cell"	GO:0005623	-1	LOC111099184	0
"obsolete cell"	GO:0005623	-1	LOC111100436	1
"obsolete cell"	GO:0005623	-1	LOC111111073	0
"obsolete cell"	GO:0005623	-1	LOC111114283	0
"obsolete cell"	GO:0005623	-1	LOC111114283	0
"obsolete cell"	GO:0005623	-1	LOC111114283	0
"obsolete cell"	GO:0005623	-1	LOC111114913	0
"obsolete cell"	GO:0005623	-1	LOC111114913	0
"obsolete cell"	GO:0005623	-1	LOC111114926	0
"obsolete cell"	GO:0005623	-1	LOC111117050	0
"obsolete cell"	GO:0005623	-1	LOC111117050	0
"obsolete cell"	GO:0005623	-1	LOC111123125	0
"obsolete cell"	GO:0005623	-1	LOC111125255	0
"obsolete cell"	GO:0005623	-1	LOC111125262	0
"obsolete cell"	GO:0005623	-1	LOC111125905	1
"obsolete cell"	GO:0005623	-1	LOC111127043	0
"obsolete cell"	GO:0005623	-1	LOC111128929	0
"obsolete cell"	GO:0005623	-1	LOC111130047	0
"obsolete cell"	GO:0005623	-1	LOC111133365	0
"obsolete cell"	GO:0005623	-1	LOC111133877	0
"obsolete cell"	GO:0005623	-1	LOC111133950	0
"obsolete cell"	GO:0005623	-1	LOC111136126	0
"obsolete cell"	GO:0005623	-1	LOC111136469	0
"obsolete cell"	GO:0005623	-1	LOC111136850	0
"obsolete cell"	GO:0005623	-1	LOC111138500	0
"mitochondrion"	GO:0005739	2	LOC111099143	0
"mitochondrion"	GO:0005739	2	LOC111099643	0
"mitochondrion"	GO:0005739	2	LOC111099854	0
"mitochondrion"	GO:0005739	2	LOC111100394	0
"mitochondrion"	GO:0005739	2	LOC111100406	1
"mitochondrion"	GO:0005739	2	LOC111101163	0
"mitochondrion"	GO:0005739	2	LOC111102281	0
"mitochondrion"	GO:0005739	2	LOC111102456	0
"mitochondrion"	GO:0005739	2	LOC111102531	0
"mitochondrion"	GO:0005739	2	LOC111102627	0
"mitochondrion"	GO:0005739	2	LOC111103835	1
"mitochondrion"	GO:0005739	2	LOC111103869	0
"mitochondrion"	GO:0005739	2	LOC111106075	0
"mitochondrion"	GO:0005739	2	LOC111107251	0
"mitochondrion"	GO:0005739	2	LOC111107258	0
"mitochondrion"	GO:0005739	2	LOC111108354	1
"mitochondrion"	GO:0005739	2	LOC111108409	0
"mitochondrion"	GO:0005739	2	LOC111108769	0
"mitochondrion"	GO:0005739	2	LOC111109546	0
"mitochondrion"	GO:0005739	2	LOC111110439	0
"mitochondrion"	GO:0005739	2	LOC111111616	0
"mitochondrion"	GO:0005739	2	LOC111112317	0
"mitochondrion"	GO:0005739	2	LOC111113399	0
"mitochondrion"	GO:0005739	2	LOC111113432	0
"mitochondrion"	GO:0005739	2	LOC111116352	1
"mitochondrion"	GO:0005739	2	LOC111118074	0
"mitochondrion"	GO:0005739	2	LOC111118367	0
"mitochondrion"	GO:0005739	2	LOC111118999	0
"mitochondrion"	GO:0005739	2	LOC111119115	0
"mitochondrion"	GO:0005739	2	LOC111119585	0
"mitochondrion"	GO:0005739	2	LOC111119880	0
"mitochondrion"	GO:0005739	2	LOC111119882	0
"mitochondrion"	GO:0005739	2	LOC111120089	0
"mitochondrion"	GO:0005739	2	LOC111120125	0
"mitochondrion"	GO:0005739	2	LOC111120769	0
"mitochondrion"	GO:0005739	2	LOC111121163	0
"mitochondrion"	GO:0005739	2	LOC111121316	0
"mitochondrion"	GO:0005739	2	LOC111121527	0
"mitochondrion"	GO:0005739	2	LOC111121587	0
"mitochondrion"	GO:0005739	2	LOC111121613	1
"mitochondrion"	GO:0005739	2	LOC111121755	0
"mitochondrion"	GO:0005739	2	LOC111122220	0
"mitochondrion"	GO:0005739	2	LOC111122591	0
"mitochondrion"	GO:0005739	2	LOC111122603	0
"mitochondrion"	GO:0005739	2	LOC111122629	0
"mitochondrion"	GO:0005739	2	LOC111123128	1
"mitochondrion"	GO:0005739	2	LOC111123132	0
"mitochondrion"	GO:0005739	2	LOC111123264	1
"mitochondrion"	GO:0005739	2	LOC111123790	0
"mitochondrion"	GO:0005739	2	LOC111123901	0
"mitochondrion"	GO:0005739	2	LOC111123997	0
"mitochondrion"	GO:0005739	2	LOC111124412	0
"mitochondrion"	GO:0005739	2	LOC111124637	0
"mitochondrion"	GO:0005739	2	LOC111124719	0
"mitochondrion"	GO:0005739	2	LOC111124871	0
"mitochondrion"	GO:0005739	2	LOC111125827	0
"mitochondrion"	GO:0005739	2	LOC111125830	0
"mitochondrion"	GO:0005739	2	LOC111125831	0
"mitochondrion"	GO:0005739	2	LOC111126663	0
"mitochondrion"	GO:0005739	2	LOC111126711	0
"mitochondrion"	GO:0005739	2	LOC111126735	0
"mitochondrion"	GO:0005739	2	LOC111126999	0
"mitochondrion"	GO:0005739	2	LOC111127107	0
"mitochondrion"	GO:0005739	2	LOC111127871	0
"mitochondrion"	GO:0005739	2	LOC111127877	0
"mitochondrion"	GO:0005739	2	LOC111127906	0
"mitochondrion"	GO:0005739	2	LOC111127981	0
"mitochondrion"	GO:0005739	2	LOC111128029	0
"mitochondrion"	GO:0005739	2	LOC111128058	0
"mitochondrion"	GO:0005739	2	LOC111128060	0
"mitochondrion"	GO:0005739	2	LOC111128076	0
"mitochondrion"	GO:0005739	2	LOC111128140	0
"mitochondrion"	GO:0005739	2	LOC111128334	0
"mitochondrion"	GO:0005739	2	LOC111128644	0
"mitochondrion"	GO:0005739	2	LOC111128658	0
"mitochondrion"	GO:0005739	2	LOC111128800	0
"mitochondrion"	GO:0005739	2	LOC111128831	0
"mitochondrion"	GO:0005739	2	LOC111128871	0
"mitochondrion"	GO:0005739	2	LOC111128934	0
"mitochondrion"	GO:0005739	2	LOC111129351	0
"mitochondrion"	GO:0005739	2	LOC111129493	0
"mitochondrion"	GO:0005739	2	LOC111129526	0
"mitochondrion"	GO:0005739	2	LOC111129823	0
"mitochondrion"	GO:0005739	2	LOC111129900	0
"mitochondrion"	GO:0005739	2	LOC111129994	0
"mitochondrion"	GO:0005739	2	LOC111130225	0
"mitochondrion"	GO:0005739	2	LOC111130279	0
"mitochondrion"	GO:0005739	2	LOC111130517	0
"mitochondrion"	GO:0005739	2	LOC111130590	0
"mitochondrion"	GO:0005739	2	LOC111130599	0
"mitochondrion"	GO:0005739	2	LOC111130838	0
"mitochondrion"	GO:0005739	2	LOC111130874	0
"mitochondrion"	GO:0005739	2	LOC111131099	0
"mitochondrion"	GO:0005739	2	LOC111131170	0
"mitochondrion"	GO:0005739	2	LOC111131412	0
"mitochondrion"	GO:0005739	2	LOC111131549	0
"mitochondrion"	GO:0005739	2	LOC111131650	0
"mitochondrion"	GO:0005739	2	LOC111131768	0
"mitochondrion"	GO:0005739	2	LOC111133006	0
"mitochondrion"	GO:0005739	2	LOC111133229	0
"mitochondrion"	GO:0005739	2	LOC111133414	0
"mitochondrion"	GO:0005739	2	LOC111133865	0
"mitochondrion"	GO:0005739	2	LOC111133997	0
"mitochondrion"	GO:0005739	2	LOC111134122	1
"mitochondrion"	GO:0005739	2	LOC111134474	0
"mitochondrion"	GO:0005739	2	LOC111134856	0
"mitochondrion"	GO:0005739	2	LOC111135226	0
"mitochondrion"	GO:0005739	2	LOC111135290	0
"mitochondrion"	GO:0005739	2	LOC111135433	0
"mitochondrion"	GO:0005739	2	LOC111135437	0
"mitochondrion"	GO:0005739	2	LOC111135861	0
"mitochondrion"	GO:0005739	2	LOC111136447	1
"mitochondrion"	GO:0005739	2	LOC111137051	0
"mitochondrion"	GO:0005739	2	LOC111137182	0
"mitochondrion"	GO:0005739	2	LOC111137466	0
"mitochondrion"	GO:0005739	2	LOC111137659	1
"mitochondrion"	GO:0005739	2	LOC111137797	0
"endoplasmic reticulum"	GO:0005783	5	LOC111099139	0
"endoplasmic reticulum"	GO:0005783	5	LOC111100032	0
"endoplasmic reticulum"	GO:0005783	5	LOC111101495	0
"endoplasmic reticulum"	GO:0005783	5	LOC111103497	0
"endoplasmic reticulum"	GO:0005783	5	LOC111104157	0
"endoplasmic reticulum"	GO:0005783	5	LOC111107987	0
"endoplasmic reticulum"	GO:0005783	5	LOC111117881	0
"endoplasmic reticulum"	GO:0005783	5	LOC111118150	0
"endoplasmic reticulum"	GO:0005783	5	LOC111118151	0
"endoplasmic reticulum"	GO:0005783	5	LOC111119615	0
"endoplasmic reticulum"	GO:0005783	5	LOC111122616	0
"endoplasmic reticulum"	GO:0005783	5	LOC111123256	0
"endoplasmic reticulum"	GO:0005783	5	LOC111123261	0
"endoplasmic reticulum"	GO:0005783	5	LOC111123648	1
"endoplasmic reticulum"	GO:0005783	5	LOC111124558	1
"endoplasmic reticulum"	GO:0005783	5	LOC111125989	0
"endoplasmic reticulum"	GO:0005783	5	LOC111126810	0
"endoplasmic reticulum"	GO:0005783	5	LOC111127933	0
"endoplasmic reticulum"	GO:0005783	5	LOC111128427	0
"endoplasmic reticulum"	GO:0005783	5	LOC111128607	0
"endoplasmic reticulum"	GO:0005783	5	LOC111128998	1
"endoplasmic reticulum"	GO:0005783	5	LOC111129643	0
"endoplasmic reticulum"	GO:0005783	5	LOC111130267	0
"endoplasmic reticulum"	GO:0005783	5	LOC111130352	0
"endoplasmic reticulum"	GO:0005783	5	LOC111130579	0
"endoplasmic reticulum"	GO:0005783	5	LOC111130924	0
"endoplasmic reticulum"	GO:0005783	5	LOC111130992	0
"endoplasmic reticulum"	GO:0005783	5	LOC111131148	0
"endoplasmic reticulum"	GO:0005783	5	LOC111132299	0
"endoplasmic reticulum"	GO:0005783	5	LOC111134146	0
"endoplasmic reticulum"	GO:0005783	5	LOC111134393	0
"endoplasmic reticulum"	GO:0005783	5	LOC111135214	0
"endoplasmic reticulum"	GO:0005783	5	LOC111135472	1
"endoplasmic reticulum"	GO:0005783	5	LOC111135909	0
"endoplasmic reticulum"	GO:0005783	5	LOC111136123	0
"endoplasmic reticulum"	GO:0005783	5	LOC111136446	0
"endoplasmic reticulum"	GO:0005783	5	LOC111136611	0
"endoplasmic reticulum"	GO:0005783	5	LOC111136651	0
"endoplasmic reticulum"	GO:0005783	5	LOC111136653	0
"endoplasmic reticulum"	GO:0005783	5	LOC111136917	0
"endoplasmic reticulum"	GO:0005783	5	LOC111137734	0
"endoplasmic reticulum"	GO:0005783	5	LOC111138196	0
"cytoskeleton"	GO:0005856	3	LOC111099079	0
"cytoskeleton"	GO:0005856	3	LOC111099106	0
"cytoskeleton"	GO:0005856	3	LOC111099108	0
"cytoskeleton"	GO:0005856	3	LOC111099111	0
"cytoskeleton"	GO:0005856	3	LOC111099119	0
"cytoskeleton"	GO:0005856	3	LOC111099122	0
"cytoskeleton"	GO:0005856	3	LOC111099192	0
"cytoskeleton"	GO:0005856	3	LOC111099518	0
"cytoskeleton"	GO:0005856	3	LOC111099928	0
"cytoskeleton"	GO:0005856	3	LOC111099982	0
"cytoskeleton"	GO:0005856	3	LOC111100287	1
"cytoskeleton"	GO:0005856	3	LOC111100381	0
"cytoskeleton"	GO:0005856	3	LOC111100406	1
"cytoskeleton"	GO:0005856	3	LOC111100932	0
"cytoskeleton"	GO:0005856	3	LOC111100935	0
"cytoskeleton"	GO:0005856	3	LOC111100940	0
"cytoskeleton"	GO:0005856	3	LOC111100940	0
"cytoskeleton"	GO:0005856	3	LOC111101313	0
"cytoskeleton"	GO:0005856	3	LOC111101313	0
"cytoskeleton"	GO:0005856	3	LOC111101359	0
"cytoskeleton"	GO:0005856	3	LOC111101440	0
"cytoskeleton"	GO:0005856	3	LOC111101507	0
"cytoskeleton"	GO:0005856	3	LOC111101598	0
"cytoskeleton"	GO:0005856	3	LOC111101725	0
"cytoskeleton"	GO:0005856	3	LOC111101874	0
"cytoskeleton"	GO:0005856	3	LOC111102504	0
"cytoskeleton"	GO:0005856	3	LOC111102800	0
"cytoskeleton"	GO:0005856	3	LOC111102870	0
"cytoskeleton"	GO:0005856	3	LOC111102935	0
"cytoskeleton"	GO:0005856	3	LOC111103268	0
"cytoskeleton"	GO:0005856	3	LOC111103306	0
"cytoskeleton"	GO:0005856	3	LOC111103474	0
"cytoskeleton"	GO:0005856	3	LOC111103512	0
"cytoskeleton"	GO:0005856	3	LOC111103740	0
"cytoskeleton"	GO:0005856	3	LOC111103740	0
"cytoskeleton"	GO:0005856	3	LOC111103744	0
"cytoskeleton"	GO:0005856	3	LOC111103869	0
"cytoskeleton"	GO:0005856	3	LOC111104276	0
"cytoskeleton"	GO:0005856	3	LOC111104421	0
"cytoskeleton"	GO:0005856	3	LOC111104572	0
"cytoskeleton"	GO:0005856	3	LOC111104674	0
"cytoskeleton"	GO:0005856	3	LOC111105249	0
"cytoskeleton"	GO:0005856	3	LOC111105249	0
"cytoskeleton"	GO:0005856	3	LOC111105308	0
"cytoskeleton"	GO:0005856	3	LOC111105512	0
"cytoskeleton"	GO:0005856	3	LOC111105528	0
"cytoskeleton"	GO:0005856	3	LOC111105616	0
"cytoskeleton"	GO:0005856	3	LOC111105807	0
"cytoskeleton"	GO:0005856	3	LOC111106258	0
"cytoskeleton"	GO:0005856	3	LOC111106696	0
"cytoskeleton"	GO:0005856	3	LOC111106753	0
"cytoskeleton"	GO:0005856	3	LOC111107058	0
"cytoskeleton"	GO:0005856	3	LOC111107607	0
"cytoskeleton"	GO:0005856	3	LOC111108303	0
"cytoskeleton"	GO:0005856	3	LOC111108722	0
"cytoskeleton"	GO:0005856	3	LOC111109028	0
"cytoskeleton"	GO:0005856	3	LOC111109132	0
"cytoskeleton"	GO:0005856	3	LOC111109524	0
"cytoskeleton"	GO:0005856	3	LOC111109603	0
"cytoskeleton"	GO:0005856	3	LOC111109612	0
"cytoskeleton"	GO:0005856	3	LOC111110178	0
"cytoskeleton"	GO:0005856	3	LOC111110188	0
"cytoskeleton"	GO:0005856	3	LOC111110316	1
"cytoskeleton"	GO:0005856	3	LOC111110464	0
"cytoskeleton"	GO:0005856	3	LOC111110636	0
"cytoskeleton"	GO:0005856	3	LOC111110723	0
"cytoskeleton"	GO:0005856	3	LOC111110741	0
"cytoskeleton"	GO:0005856	3	LOC111110749	0
"cytoskeleton"	GO:0005856	3	LOC111110860	0
"cytoskeleton"	GO:0005856	3	LOC111111258	0
"cytoskeleton"	GO:0005856	3	LOC111111599	0
"cytoskeleton"	GO:0005856	3	LOC111111819	0
"cytoskeleton"	GO:0005856	3	LOC111112008	0
"cytoskeleton"	GO:0005856	3	LOC111112096	0
"cytoskeleton"	GO:0005856	3	LOC111112645	0
"cytoskeleton"	GO:0005856	3	LOC111112890	0
"cytoskeleton"	GO:0005856	3	LOC111112959	0
"cytoskeleton"	GO:0005856	3	LOC111113238	1
"cytoskeleton"	GO:0005856	3	LOC111113576	1
"cytoskeleton"	GO:0005856	3	LOC111113589	0
"cytoskeleton"	GO:0005856	3	LOC111113709	0
"cytoskeleton"	GO:0005856	3	LOC111113887	0
"cytoskeleton"	GO:0005856	3	LOC111113887	0
"cytoskeleton"	GO:0005856	3	LOC111114159	0
"cytoskeleton"	GO:0005856	3	LOC111114657	0
"cytoskeleton"	GO:0005856	3	LOC111114977	0
"cytoskeleton"	GO:0005856	3	LOC111115040	0
"cytoskeleton"	GO:0005856	3	LOC111115123	0
"cytoskeleton"	GO:0005856	3	LOC111115327	0
"cytoskeleton"	GO:0005856	3	LOC111115442	0
"cytoskeleton"	GO:0005856	3	LOC111115463	0
"cytoskeleton"	GO:0005856	3	LOC111115508	1
"cytoskeleton"	GO:0005856	3	LOC111115675	0
"cytoskeleton"	GO:0005856	3	LOC111115803	0
"cytoskeleton"	GO:0005856	3	LOC111116412	1
"cytoskeleton"	GO:0005856	3	LOC111116607	0
"cytoskeleton"	GO:0005856	3	LOC111116885	0
"cytoskeleton"	GO:0005856	3	LOC111116948	0
"cytoskeleton"	GO:0005856	3	LOC111117059	0
"cytoskeleton"	GO:0005856	3	LOC111117882	0
"cytoskeleton"	GO:0005856	3	LOC111118200	0
"cytoskeleton"	GO:0005856	3	LOC111118274	0
"cytoskeleton"	GO:0005856	3	LOC111118367	0
"cytoskeleton"	GO:0005856	3	LOC111118468	0
"cytoskeleton"	GO:0005856	3	LOC111118469	0
"cytoskeleton"	GO:0005856	3	LOC111118564	0
"cytoskeleton"	GO:0005856	3	LOC111118567	0
"cytoskeleton"	GO:0005856	3	LOC111118568	0
"cytoskeleton"	GO:0005856	3	LOC111118569	0
"cytoskeleton"	GO:0005856	3	LOC111118590	0
"cytoskeleton"	GO:0005856	3	LOC111118849	1
"cytoskeleton"	GO:0005856	3	LOC111118850	0
"cytoskeleton"	GO:0005856	3	LOC111118852	0
"cytoskeleton"	GO:0005856	3	LOC111118895	0
"cytoskeleton"	GO:0005856	3	LOC111118897	0
"cytoskeleton"	GO:0005856	3	LOC111118898	0
"cytoskeleton"	GO:0005856	3	LOC111119089	0
"cytoskeleton"	GO:0005856	3	LOC111119209	0
"cytoskeleton"	GO:0005856	3	LOC111119215	0
"cytoskeleton"	GO:0005856	3	LOC111119280	0
"cytoskeleton"	GO:0005856	3	LOC111119281	0
"cytoskeleton"	GO:0005856	3	LOC111119367	0
"cytoskeleton"	GO:0005856	3	LOC111119417	0
"cytoskeleton"	GO:0005856	3	LOC111119535	0
"cytoskeleton"	GO:0005856	3	LOC111119732	1
"cytoskeleton"	GO:0005856	3	LOC111119779	0
"cytoskeleton"	GO:0005856	3	LOC111119781	0
"cytoskeleton"	GO:0005856	3	LOC111119851	0
"cytoskeleton"	GO:0005856	3	LOC111119861	0
"cytoskeleton"	GO:0005856	3	LOC111119964	0
"cytoskeleton"	GO:0005856	3	LOC111120042	0
"cytoskeleton"	GO:0005856	3	LOC111120105	0
"cytoskeleton"	GO:0005856	3	LOC111120111	0
"cytoskeleton"	GO:0005856	3	LOC111120262	1
"cytoskeleton"	GO:0005856	3	LOC111120273	0
"cytoskeleton"	GO:0005856	3	LOC111120480	0
"cytoskeleton"	GO:0005856	3	LOC111120486	0
"cytoskeleton"	GO:0005856	3	LOC111120493	0
"cytoskeleton"	GO:0005856	3	LOC111120762	0
"cytoskeleton"	GO:0005856	3	LOC111120802	0
"cytoskeleton"	GO:0005856	3	LOC111120861	0
"cytoskeleton"	GO:0005856	3	LOC111120909	0
"cytoskeleton"	GO:0005856	3	LOC111120982	0
"cytoskeleton"	GO:0005856	3	LOC111121068	0
"cytoskeleton"	GO:0005856	3	LOC111121096	0
"cytoskeleton"	GO:0005856	3	LOC111121126	0
"cytoskeleton"	GO:0005856	3	LOC111121139	0
"cytoskeleton"	GO:0005856	3	LOC111121195	0
"cytoskeleton"	GO:0005856	3	LOC111121224	0
"cytoskeleton"	GO:0005856	3	LOC111121467	0
"cytoskeleton"	GO:0005856	3	LOC111121848	0
"cytoskeleton"	GO:0005856	3	LOC111122062	0
"cytoskeleton"	GO:0005856	3	LOC111122103	0
"cytoskeleton"	GO:0005856	3	LOC111122145	0
"cytoskeleton"	GO:0005856	3	LOC111122145	0
"cytoskeleton"	GO:0005856	3	LOC111122145	0
"cytoskeleton"	GO:0005856	3	LOC111122393	0
"cytoskeleton"	GO:0005856	3	LOC111122588	0
"cytoskeleton"	GO:0005856	3	LOC111122600	0
"cytoskeleton"	GO:0005856	3	LOC111123284	0
"cytoskeleton"	GO:0005856	3	LOC111123483	0
"cytoskeleton"	GO:0005856	3	LOC111123848	0
"cytoskeleton"	GO:0005856	3	LOC111123898	0
"cytoskeleton"	GO:0005856	3	LOC111123957	0
"cytoskeleton"	GO:0005856	3	LOC111124155	0
"cytoskeleton"	GO:0005856	3	LOC111124168	0
"cytoskeleton"	GO:0005856	3	LOC111124218	0
"cytoskeleton"	GO:0005856	3	LOC111124236	0
"cytoskeleton"	GO:0005856	3	LOC111124280	0
"cytoskeleton"	GO:0005856	3	LOC111124361	0
"cytoskeleton"	GO:0005856	3	LOC111124575	0
"cytoskeleton"	GO:0005856	3	LOC111124576	0
"cytoskeleton"	GO:0005856	3	LOC111124619	0
"cytoskeleton"	GO:0005856	3	LOC111124643	0
"cytoskeleton"	GO:0005856	3	LOC111124646	0
"cytoskeleton"	GO:0005856	3	LOC111124684	0
"cytoskeleton"	GO:0005856	3	LOC111124695	0
"cytoskeleton"	GO:0005856	3	LOC111124695	0
"cytoskeleton"	GO:0005856	3	LOC111124719	0
"cytoskeleton"	GO:0005856	3	LOC111124955	0
"cytoskeleton"	GO:0005856	3	LOC111125134	1
"cytoskeleton"	GO:0005856	3	LOC111125268	0
"cytoskeleton"	GO:0005856	3	LOC111125285	0
"cytoskeleton"	GO:0005856	3	LOC111125294	1
"cytoskeleton"	GO:0005856	3	LOC111125388	0
"cytoskeleton"	GO:0005856	3	LOC111125389	0
"cytoskeleton"	GO:0005856	3	LOC111125390	0
"cytoskeleton"	GO:0005856	3	LOC111125413	0
"cytoskeleton"	GO:0005856	3	LOC111125468	0
"cytoskeleton"	GO:0005856	3	LOC111125844	0
"cytoskeleton"	GO:0005856	3	LOC111125865	0
"cytoskeleton"	GO:0005856	3	LOC111126007	0
"cytoskeleton"	GO:0005856	3	LOC111126007	0
"cytoskeleton"	GO:0005856	3	LOC111126038	0
"cytoskeleton"	GO:0005856	3	LOC111126137	0
"cytoskeleton"	GO:0005856	3	LOC111126194	0
"cytoskeleton"	GO:0005856	3	LOC111126338	0
"cytoskeleton"	GO:0005856	3	LOC111126395	0
"cytoskeleton"	GO:0005856	3	LOC111126456	0
"cytoskeleton"	GO:0005856	3	LOC111126458	0
"cytoskeleton"	GO:0005856	3	LOC111126467	0
"cytoskeleton"	GO:0005856	3	LOC111126518	0
"cytoskeleton"	GO:0005856	3	LOC111126605	0
"cytoskeleton"	GO:0005856	3	LOC111126605	0
"cytoskeleton"	GO:0005856	3	LOC111126605	0
"cytoskeleton"	GO:0005856	3	LOC111126780	0
"cytoskeleton"	GO:0005856	3	LOC111126828	0
"cytoskeleton"	GO:0005856	3	LOC111126828	0
"cytoskeleton"	GO:0005856	3	LOC111126828	0
"cytoskeleton"	GO:0005856	3	LOC111126828	0
"cytoskeleton"	GO:0005856	3	LOC111126828	0
"cytoskeleton"	GO:0005856	3	LOC111126828	0
"cytoskeleton"	GO:0005856	3	LOC111126828	0
"cytoskeleton"	GO:0005856	3	LOC111127048	0
"cytoskeleton"	GO:0005856	3	LOC111127422	0
"cytoskeleton"	GO:0005856	3	LOC111127585	0
"cytoskeleton"	GO:0005856	3	LOC111127799	0
"cytoskeleton"	GO:0005856	3	LOC111127822	0
"cytoskeleton"	GO:0005856	3	LOC111128016	0
"cytoskeleton"	GO:0005856	3	LOC111128085	0
"cytoskeleton"	GO:0005856	3	LOC111128085	0
"cytoskeleton"	GO:0005856	3	LOC111128605	0
"cytoskeleton"	GO:0005856	3	LOC111128999	0
"cytoskeleton"	GO:0005856	3	LOC111129334	1
"cytoskeleton"	GO:0005856	3	LOC111129374	0
"cytoskeleton"	GO:0005856	3	LOC111129431	0
"cytoskeleton"	GO:0005856	3	LOC111129799	0
"cytoskeleton"	GO:0005856	3	LOC111129824	0
"cytoskeleton"	GO:0005856	3	LOC111129876	0
"cytoskeleton"	GO:0005856	3	LOC111130051	0
"cytoskeleton"	GO:0005856	3	LOC111130288	0
"cytoskeleton"	GO:0005856	3	LOC111130305	0
"cytoskeleton"	GO:0005856	3	LOC111130311	0
"cytoskeleton"	GO:0005856	3	LOC111130325	0
"cytoskeleton"	GO:0005856	3	LOC111130354	0
"cytoskeleton"	GO:0005856	3	LOC111130354	0
"cytoskeleton"	GO:0005856	3	LOC111130354	0
"cytoskeleton"	GO:0005856	3	LOC111130378	0
"cytoskeleton"	GO:0005856	3	LOC111130459	0
"cytoskeleton"	GO:0005856	3	LOC111130484	0
"cytoskeleton"	GO:0005856	3	LOC111131102	1
"cytoskeleton"	GO:0005856	3	LOC111131248	0
"cytoskeleton"	GO:0005856	3	LOC111131259	0
"cytoskeleton"	GO:0005856	3	LOC111131820	0
"cytoskeleton"	GO:0005856	3	LOC111132009	0
"cytoskeleton"	GO:0005856	3	LOC111132123	0
"cytoskeleton"	GO:0005856	3	LOC111132406	1
"cytoskeleton"	GO:0005856	3	LOC111132880	0
"cytoskeleton"	GO:0005856	3	LOC111132922	0
"cytoskeleton"	GO:0005856	3	LOC111132942	0
"cytoskeleton"	GO:0005856	3	LOC111133059	0
"cytoskeleton"	GO:0005856	3	LOC111133242	0
"cytoskeleton"	GO:0005856	3	LOC111133478	0
"cytoskeleton"	GO:0005856	3	LOC111133511	1
"cytoskeleton"	GO:0005856	3	LOC111133767	0
"cytoskeleton"	GO:0005856	3	LOC111133786	0
"cytoskeleton"	GO:0005856	3	LOC111134262	0
"cytoskeleton"	GO:0005856	3	LOC111134313	1
"cytoskeleton"	GO:0005856	3	LOC111134486	0
"cytoskeleton"	GO:0005856	3	LOC111134514	0
"cytoskeleton"	GO:0005856	3	LOC111134748	0
"cytoskeleton"	GO:0005856	3	LOC111134890	0
"cytoskeleton"	GO:0005856	3	LOC111134997	1
"cytoskeleton"	GO:0005856	3	LOC111135015	0
"cytoskeleton"	GO:0005856	3	LOC111135053	1
"cytoskeleton"	GO:0005856	3	LOC111135116	0
"cytoskeleton"	GO:0005856	3	LOC111135121	0
"cytoskeleton"	GO:0005856	3	LOC111135154	0
"cytoskeleton"	GO:0005856	3	LOC111135156	0
"cytoskeleton"	GO:0005856	3	LOC111135252	0
"cytoskeleton"	GO:0005856	3	LOC111135366	0
"cytoskeleton"	GO:0005856	3	LOC111135413	0
"cytoskeleton"	GO:0005856	3	LOC111135463	0
"cytoskeleton"	GO:0005856	3	LOC111135582	0
"cytoskeleton"	GO:0005856	3	LOC111135803	0
"cytoskeleton"	GO:0005856	3	LOC111135860	0
"cytoskeleton"	GO:0005856	3	LOC111135878	1
"cytoskeleton"	GO:0005856	3	LOC111135878	1
"cytoskeleton"	GO:0005856	3	LOC111135930	0
"cytoskeleton"	GO:0005856	3	LOC111135944	0
"cytoskeleton"	GO:0005856	3	LOC111135947	0
"cytoskeleton"	GO:0005856	3	LOC111135947	0
"cytoskeleton"	GO:0005856	3	LOC111135947	0
"cytoskeleton"	GO:0005856	3	LOC111135960	0
"cytoskeleton"	GO:0005856	3	LOC111135961	0
"cytoskeleton"	GO:0005856	3	LOC111135967	1
"cytoskeleton"	GO:0005856	3	LOC111136035	0
"cytoskeleton"	GO:0005856	3	LOC111136067	1
"cytoskeleton"	GO:0005856	3	LOC111136139	0
"cytoskeleton"	GO:0005856	3	LOC111136148	0
"cytoskeleton"	GO:0005856	3	LOC111136162	0
"cytoskeleton"	GO:0005856	3	LOC111136320	0
"cytoskeleton"	GO:0005856	3	LOC111136321	1
"cytoskeleton"	GO:0005856	3	LOC111136449	1
"cytoskeleton"	GO:0005856	3	LOC111136551	0
"cytoskeleton"	GO:0005856	3	LOC111136710	0
"cytoskeleton"	GO:0005856	3	LOC111136729	0
"cytoskeleton"	GO:0005856	3	LOC111136801	0
"cytoskeleton"	GO:0005856	3	LOC111136819	0
"cytoskeleton"	GO:0005856	3	LOC111136874	0
"cytoskeleton"	GO:0005856	3	LOC111136961	0
"cytoskeleton"	GO:0005856	3	LOC111137169	0
"cytoskeleton"	GO:0005856	3	LOC111137325	0
"cytoskeleton"	GO:0005856	3	LOC111137368	0
"cytoskeleton"	GO:0005856	3	LOC111137575	0
"cytoskeleton"	GO:0005856	3	LOC111137661	0
"cytoskeleton"	GO:0005856	3	LOC111137676	1
"cytoskeleton"	GO:0005856	3	LOC111137761	0
"cytoskeleton"	GO:0005856	3	LOC111137876	1
"cytoskeleton"	GO:0005856	3	LOC111137933	0
"cytoskeleton"	GO:0005856	3	LOC111137933	0
"cytoskeleton"	GO:0005856	3	LOC111138001	0
"cytoskeleton"	GO:0005856	3	LOC111138003	0
"cytoskeleton"	GO:0005856	3	LOC111138050	0
"cytoskeleton"	GO:0005856	3	LOC111138108	0
"Golgi apparatus"	GO:0005794	5	LOC111107029	0
"Golgi apparatus"	GO:0005794	5	LOC111107485	0
"Golgi apparatus"	GO:0005794	5	LOC111111248	0
"Golgi apparatus"	GO:0005794	5	LOC111111322	0
"Golgi apparatus"	GO:0005794	5	LOC111111854	0
"Golgi apparatus"	GO:0005794	5	LOC111112006	0
"Golgi apparatus"	GO:0005794	5	LOC111113027	0
"Golgi apparatus"	GO:0005794	5	LOC111113352	0
"Golgi apparatus"	GO:0005794	5	LOC111119407	0
"Golgi apparatus"	GO:0005794	5	LOC111119408	0
"Golgi apparatus"	GO:0005794	5	LOC111119729	0
"Golgi apparatus"	GO:0005794	5	LOC111119735	0
"Golgi apparatus"	GO:0005794	5	LOC111119991	1
"Golgi apparatus"	GO:0005794	5	LOC111120132	0
"Golgi apparatus"	GO:0005794	5	LOC111121413	0
"Golgi apparatus"	GO:0005794	5	LOC111122020	0
"Golgi apparatus"	GO:0005794	5	LOC111123128	1
"Golgi apparatus"	GO:0005794	5	LOC111123130	1
"Golgi apparatus"	GO:0005794	5	LOC111123418	0
"Golgi apparatus"	GO:0005794	5	LOC111123657	0
"Golgi apparatus"	GO:0005794	5	LOC111124247	0
"Golgi apparatus"	GO:0005794	5	LOC111124620	0
"Golgi apparatus"	GO:0005794	5	LOC111124692	0
"Golgi apparatus"	GO:0005794	5	LOC111124716	0
"Golgi apparatus"	GO:0005794	5	LOC111124975	0
"Golgi apparatus"	GO:0005794	5	LOC111125055	0
"Golgi apparatus"	GO:0005794	5	LOC111125808	0
"Golgi apparatus"	GO:0005794	5	LOC111128245	0
"Golgi apparatus"	GO:0005794	5	LOC111129017	1
"Golgi apparatus"	GO:0005794	5	LOC111130009	0
"Golgi apparatus"	GO:0005794	5	LOC111130040	1
"Golgi apparatus"	GO:0005794	5	LOC111130286	0
"Golgi apparatus"	GO:0005794	5	LOC111130425	1
"Golgi apparatus"	GO:0005794	5	LOC111131863	0
"Golgi apparatus"	GO:0005794	5	LOC111131871	0
"Golgi apparatus"	GO:0005794	5	LOC111133062	0
"Golgi apparatus"	GO:0005794	5	LOC111133784	0
"Golgi apparatus"	GO:0005794	5	LOC111134059	0
"Golgi apparatus"	GO:0005794	5	LOC111134347	0
"Golgi apparatus"	GO:0005794	5	LOC111134520	0
"Golgi apparatus"	GO:0005794	5	LOC111134570	0
"Golgi apparatus"	GO:0005794	5	LOC111135098	0
"Golgi apparatus"	GO:0005794	5	LOC111135221	0
"Golgi apparatus"	GO:0005794	5	LOC111135350	0
"Golgi apparatus"	GO:0005794	5	LOC111135380	0
"Golgi apparatus"	GO:0005794	5	LOC111135414	0
"Golgi apparatus"	GO:0005794	5	LOC111135578	1
"Golgi apparatus"	GO:0005794	5	LOC111136845	0
"Golgi apparatus"	GO:0005794	5	LOC111137727	1
"Golgi apparatus"	GO:0005794	5	LOC111137927	0
"cytoplasm"	GO:0005737	2	LOC111099033	0
"cytoplasm"	GO:0005737	2	LOC111099138	0
"cytoplasm"	GO:0005737	2	LOC111099139	0
"cytoplasm"	GO:0005737	2	LOC111099172	0
"cytoplasm"	GO:0005737	2	LOC111099192	0
"cytoplasm"	GO:0005737	2	LOC111100385	0
"cytoplasm"	GO:0005737	2	LOC111100924	0
"cytoplasm"	GO:0005737	2	LOC111100992	0
"cytoplasm"	GO:0005737	2	LOC111102237	0
"cytoplasm"	GO:0005737	2	LOC111102504	0
"cytoplasm"	GO:0005737	2	LOC111102584	0
"cytoplasm"	GO:0005737	2	LOC111102800	0
"cytoplasm"	GO:0005737	2	LOC111102833	0
"cytoplasm"	GO:0005737	2	LOC111103497	0
"cytoplasm"	GO:0005737	2	LOC111103508	1
"cytoplasm"	GO:0005737	2	LOC111103653	0
"cytoplasm"	GO:0005737	2	LOC111103659	0
"cytoplasm"	GO:0005737	2	LOC111104400	0
"cytoplasm"	GO:0005737	2	LOC111104421	0
"cytoplasm"	GO:0005737	2	LOC111104480	0
"cytoplasm"	GO:0005737	2	LOC111105066	0
"cytoplasm"	GO:0005737	2	LOC111105807	0
"cytoplasm"	GO:0005737	2	LOC111107518	0
"cytoplasm"	GO:0005737	2	LOC111107987	0
"cytoplasm"	GO:0005737	2	LOC111108545	0
"cytoplasm"	GO:0005737	2	LOC111108973	0
"cytoplasm"	GO:0005737	2	LOC111109628	0
"cytoplasm"	GO:0005737	2	LOC111110464	0
"cytoplasm"	GO:0005737	2	LOC111110954	0
"cytoplasm"	GO:0005737	2	LOC111112099	1
"cytoplasm"	GO:0005737	2	LOC111112562	0
"cytoplasm"	GO:0005737	2	LOC111113220	0
"cytoplasm"	GO:0005737	2	LOC111114587	0
"cytoplasm"	GO:0005737	2	LOC111114926	0
"cytoplasm"	GO:0005737	2	LOC111115123	0
"cytoplasm"	GO:0005737	2	LOC111115123	0
"cytoplasm"	GO:0005737	2	LOC111115269	0
"cytoplasm"	GO:0005737	2	LOC111115508	1
"cytoplasm"	GO:0005737	2	LOC111116839	0
"cytoplasm"	GO:0005737	2	LOC111117616	0
"cytoplasm"	GO:0005737	2	LOC111117881	0
"cytoplasm"	GO:0005737	2	LOC111117882	0
"cytoplasm"	GO:0005737	2	LOC111118146	0
"cytoplasm"	GO:0005737	2	LOC111118150	0
"cytoplasm"	GO:0005737	2	LOC111118151	0
"cytoplasm"	GO:0005737	2	LOC111118462	0
"cytoplasm"	GO:0005737	2	LOC111118468	0
"cytoplasm"	GO:0005737	2	LOC111118495	0
"cytoplasm"	GO:0005737	2	LOC111118567	0
"cytoplasm"	GO:0005737	2	LOC111118568	0
"cytoplasm"	GO:0005737	2	LOC111118569	0
"cytoplasm"	GO:0005737	2	LOC111118590	0
"cytoplasm"	GO:0005737	2	LOC111118748	0
"cytoplasm"	GO:0005737	2	LOC111118895	0
"cytoplasm"	GO:0005737	2	LOC111118897	0
"cytoplasm"	GO:0005737	2	LOC111118898	0
"cytoplasm"	GO:0005737	2	LOC111119007	0
"cytoplasm"	GO:0005737	2	LOC111119125	0
"cytoplasm"	GO:0005737	2	LOC111119198	0
"cytoplasm"	GO:0005737	2	LOC111119209	0
"cytoplasm"	GO:0005737	2	LOC111119322	0
"cytoplasm"	GO:0005737	2	LOC111119586	0
"cytoplasm"	GO:0005737	2	LOC111119597	1
"cytoplasm"	GO:0005737	2	LOC111119615	0
"cytoplasm"	GO:0005737	2	LOC111119624	0
"cytoplasm"	GO:0005737	2	LOC111119732	1
"cytoplasm"	GO:0005737	2	LOC111120017	0
"cytoplasm"	GO:0005737	2	LOC111120105	0
"cytoplasm"	GO:0005737	2	LOC111120262	1
"cytoplasm"	GO:0005737	2	LOC111120273	0
"cytoplasm"	GO:0005737	2	LOC111120381	0
"cytoplasm"	GO:0005737	2	LOC111120422	0
"cytoplasm"	GO:0005737	2	LOC111120676	1
"cytoplasm"	GO:0005737	2	LOC111120734	0
"cytoplasm"	GO:0005737	2	LOC111120797	0
"cytoplasm"	GO:0005737	2	LOC111120861	0
"cytoplasm"	GO:0005737	2	LOC111120874	0
"cytoplasm"	GO:0005737	2	LOC111120892	0
"cytoplasm"	GO:0005737	2	LOC111120909	0
"cytoplasm"	GO:0005737	2	LOC111120982	0
"cytoplasm"	GO:0005737	2	LOC111121033	0
"cytoplasm"	GO:0005737	2	LOC111121139	0
"cytoplasm"	GO:0005737	2	LOC111121224	0
"cytoplasm"	GO:0005737	2	LOC111121358	0
"cytoplasm"	GO:0005737	2	LOC111121713	0
"cytoplasm"	GO:0005737	2	LOC111121750	0
"cytoplasm"	GO:0005737	2	LOC111121751	0
"cytoplasm"	GO:0005737	2	LOC111121759	0
"cytoplasm"	GO:0005737	2	LOC111121830	0
"cytoplasm"	GO:0005737	2	LOC111121848	0
"cytoplasm"	GO:0005737	2	LOC111122062	0
"cytoplasm"	GO:0005737	2	LOC111122149	0
"cytoplasm"	GO:0005737	2	LOC111122150	0
"cytoplasm"	GO:0005737	2	LOC111122237	0
"cytoplasm"	GO:0005737	2	LOC111122296	0
"cytoplasm"	GO:0005737	2	LOC111122437	0
"cytoplasm"	GO:0005737	2	LOC111122611	0
"cytoplasm"	GO:0005737	2	LOC111122616	0
"cytoplasm"	GO:0005737	2	LOC111122793	0
"cytoplasm"	GO:0005737	2	LOC111123242	0
"cytoplasm"	GO:0005737	2	LOC111123326	0
"cytoplasm"	GO:0005737	2	LOC111123418	0
"cytoplasm"	GO:0005737	2	LOC111123557	0
"cytoplasm"	GO:0005737	2	LOC111123604	0
"cytoplasm"	GO:0005737	2	LOC111123642	0
"cytoplasm"	GO:0005737	2	LOC111123973	0
"cytoplasm"	GO:0005737	2	LOC111124414	1
"cytoplasm"	GO:0005737	2	LOC111124558	1
"cytoplasm"	GO:0005737	2	LOC111124612	0
"cytoplasm"	GO:0005737	2	LOC111124867	0
"cytoplasm"	GO:0005737	2	LOC111124904	0
"cytoplasm"	GO:0005737	2	LOC111125302	1
"cytoplasm"	GO:0005737	2	LOC111125450	0
"cytoplasm"	GO:0005737	2	LOC111125484	0
"cytoplasm"	GO:0005737	2	LOC111125484	0
"cytoplasm"	GO:0005737	2	LOC111125912	0
"cytoplasm"	GO:0005737	2	LOC111125951	0
"cytoplasm"	GO:0005737	2	LOC111125989	0
"cytoplasm"	GO:0005737	2	LOC111126205	0
"cytoplasm"	GO:0005737	2	LOC111126352	0
"cytoplasm"	GO:0005737	2	LOC111126416	0
"cytoplasm"	GO:0005737	2	LOC111126482	0
"cytoplasm"	GO:0005737	2	LOC111127317	1
"cytoplasm"	GO:0005737	2	LOC111127916	0
"cytoplasm"	GO:0005737	2	LOC111127933	0
"cytoplasm"	GO:0005737	2	LOC111127975	0
"cytoplasm"	GO:0005737	2	LOC111128182	0
"cytoplasm"	GO:0005737	2	LOC111128309	0
"cytoplasm"	GO:0005737	2	LOC111128607	0
"cytoplasm"	GO:0005737	2	LOC111128784	0
"cytoplasm"	GO:0005737	2	LOC111128971	0
"cytoplasm"	GO:0005737	2	LOC111129284	0
"cytoplasm"	GO:0005737	2	LOC111129321	0
"cytoplasm"	GO:0005737	2	LOC111129643	0
"cytoplasm"	GO:0005737	2	LOC111129930	0
"cytoplasm"	GO:0005737	2	LOC111130267	0
"cytoplasm"	GO:0005737	2	LOC111130267	0
"cytoplasm"	GO:0005737	2	LOC111130352	0
"cytoplasm"	GO:0005737	2	LOC111130579	0
"cytoplasm"	GO:0005737	2	LOC111130726	0
"cytoplasm"	GO:0005737	2	LOC111130755	0
"cytoplasm"	GO:0005737	2	LOC111130918	1
"cytoplasm"	GO:0005737	2	LOC111130924	0
"cytoplasm"	GO:0005737	2	LOC111130992	0
"cytoplasm"	GO:0005737	2	LOC111131376	0
"cytoplasm"	GO:0005737	2	LOC111131616	0
"cytoplasm"	GO:0005737	2	LOC111131818	0
"cytoplasm"	GO:0005737	2	LOC111131837	0
"cytoplasm"	GO:0005737	2	LOC111131845	0
"cytoplasm"	GO:0005737	2	LOC111132269	0
"cytoplasm"	GO:0005737	2	LOC111132299	0
"cytoplasm"	GO:0005737	2	LOC111132645	0
"cytoplasm"	GO:0005737	2	LOC111132658	0
"cytoplasm"	GO:0005737	2	LOC111132726	0
"cytoplasm"	GO:0005737	2	LOC111132907	1
"cytoplasm"	GO:0005737	2	LOC111132944	0
"cytoplasm"	GO:0005737	2	LOC111133229	0
"cytoplasm"	GO:0005737	2	LOC111133355	0
"cytoplasm"	GO:0005737	2	LOC111133378	0
"cytoplasm"	GO:0005737	2	LOC111133381	0
"cytoplasm"	GO:0005737	2	LOC111133476	0
"cytoplasm"	GO:0005737	2	LOC111133572	0
"cytoplasm"	GO:0005737	2	LOC111133635	0
"cytoplasm"	GO:0005737	2	LOC111133694	0
"cytoplasm"	GO:0005737	2	LOC111133877	0
"cytoplasm"	GO:0005737	2	LOC111134065	0
"cytoplasm"	GO:0005737	2	LOC111134146	0
"cytoplasm"	GO:0005737	2	LOC111134293	1
"cytoplasm"	GO:0005737	2	LOC111134318	0
"cytoplasm"	GO:0005737	2	LOC111134336	0
"cytoplasm"	GO:0005737	2	LOC111134393	0
"cytoplasm"	GO:0005737	2	LOC111134422	0
"cytoplasm"	GO:0005737	2	LOC111134442	0
"cytoplasm"	GO:0005737	2	LOC111134695	0
"cytoplasm"	GO:0005737	2	LOC111134710	0
"cytoplasm"	GO:0005737	2	LOC111134791	0
"cytoplasm"	GO:0005737	2	LOC111134800	0
"cytoplasm"	GO:0005737	2	LOC111135214	0
"cytoplasm"	GO:0005737	2	LOC111135252	0
"cytoplasm"	GO:0005737	2	LOC111135292	0
"cytoplasm"	GO:0005737	2	LOC111135310	0
"cytoplasm"	GO:0005737	2	LOC111135365	0
"cytoplasm"	GO:0005737	2	LOC111135430	0
"cytoplasm"	GO:0005737	2	LOC111135439	0
"cytoplasm"	GO:0005737	2	LOC111135445	0
"cytoplasm"	GO:0005737	2	LOC111135472	1
"cytoplasm"	GO:0005737	2	LOC111135611	0
"cytoplasm"	GO:0005737	2	LOC111135847	0
"cytoplasm"	GO:0005737	2	LOC111135851	0
"cytoplasm"	GO:0005737	2	LOC111135860	0
"cytoplasm"	GO:0005737	2	LOC111135885	0
"cytoplasm"	GO:0005737	2	LOC111135972	0
"cytoplasm"	GO:0005737	2	LOC111136063	0
"cytoplasm"	GO:0005737	2	LOC111136123	0
"cytoplasm"	GO:0005737	2	LOC111136303	0
"cytoplasm"	GO:0005737	2	LOC111136320	0
"cytoplasm"	GO:0005737	2	LOC111136321	1
"cytoplasm"	GO:0005737	2	LOC111136446	0
"cytoplasm"	GO:0005737	2	LOC111136470	0
"cytoplasm"	GO:0005737	2	LOC111136596	0
"cytoplasm"	GO:0005737	2	LOC111136603	0
"cytoplasm"	GO:0005737	2	LOC111136604	0
"cytoplasm"	GO:0005737	2	LOC111136611	0
"cytoplasm"	GO:0005737	2	LOC111136732	0
"cytoplasm"	GO:0005737	2	LOC111136849	0
"cytoplasm"	GO:0005737	2	LOC111136917	0
"cytoplasm"	GO:0005737	2	LOC111137086	1
"cytoplasm"	GO:0005737	2	LOC111137153	0
"cytoplasm"	GO:0005737	2	LOC111137232	0
"cytoplasm"	GO:0005737	2	LOC111137420	0
"cytoplasm"	GO:0005737	2	LOC111137452	0
"cytoplasm"	GO:0005737	2	LOC111137734	0
"cytoplasm"	GO:0005737	2	LOC111137994	0
"cytoplasm"	GO:0005737	2	LOC111138012	0
"cytoplasm"	GO:0005737	2	LOC111138041	0
"cytoplasm"	GO:0005737	2	LOC111138196	0
"cytoplasm"	GO:0005737	2	LOC111138350	0
"cytoplasm"	GO:0005737	2	LOC111138351	0
"cytoplasm"	GO:0005737	2	LOC111138352	0
"cytoplasm"	GO:0005737	2	LOC111138506	0
"vacuole"	GO:0005764;GO:0000323;GO:0005773	3	LOC111102833	0
"vacuole"	GO:0005764;GO:0000323;GO:0005773	3	LOC111106190	0
"vacuole"	GO:0005764;GO:0000323;GO:0005773	3	LOC111110352	0
"vacuole"	GO:0005764;GO:0000323;GO:0005773	3	LOC111112862	0
"vacuole"	GO:0005764;GO:0000323;GO:0005773	3	LOC111126341	0
"vacuole"	GO:0005764;GO:0000323;GO:0005773	3	LOC111123493	0
"vacuole"	GO:0005764;GO:0000323;GO:0005773	3	LOC111136398	0
"plasma membrane"	GO:0005886;GO:0016020	3	LOC111100336	0
"plasma membrane"	GO:0005886;GO:0016020	3	LOC111100403	0
"plasma membrane"	GO:0005886;GO:0016020	3	LOC111101300	0
"plasma membrane"	GO:0005886;GO:0016020	3	LOC111102563	1
"plasma membrane"	GO:0005886;GO:0016020	3	LOC111102751	1
"plasma membrane"	GO:0005886;GO:0016020	3	LOC111103238	0
"plasma membrane"	GO:0005886;GO:0016020	3	LOC111103245	0
"plasma membrane"	GO:0005886;GO:0016020	3	LOC111104305	0
"plasma membrane"	GO:0005886;GO:0016020	3	LOC111105162	0
"plasma membrane"	GO:0005886;GO:0016020	3	LOC111105684	0
"plasma membrane"	GO:0005886;GO:0016020	3	LOC111106001	0
"plasma membrane"	GO:0005886;GO:0016020	3	LOC111106164	0
"plasma membrane"	GO:0005886;GO:0016020	3	LOC111106190	0
"plasma membrane"	GO:0005886;GO:0016020	3	LOC111107138	0
"plasma membrane"	GO:0005886;GO:0016020	3	LOC111107253	0
"plasma membrane"	GO:0005886;GO:0016020	3	LOC111109611	0
"plasma membrane"	GO:0005886;GO:0016020	3	LOC111109902	0
"plasma membrane"	GO:0005886;GO:0016020	3	LOC111110261	0
"plasma membrane"	GO:0005886;GO:0016020	3	LOC111110352	0
"plasma membrane"	GO:0005886;GO:0016020	3	LOC111111125	0
"plasma membrane"	GO:0005886;GO:0016020	3	LOC111111542	0
"plasma membrane"	GO:0005886;GO:0016020	3	LOC111111907	0
"plasma membrane"	GO:0005886;GO:0016020	3	LOC111112006	0
"plasma membrane"	GO:0005886;GO:0016020	3	LOC111112050	0
"plasma membrane"	GO:0005886;GO:0016020	3	LOC111112129	1
"plasma membrane"	GO:0005886;GO:0016020	3	LOC111112201	0
"plasma membrane"	GO:0005886;GO:0016020	3	LOC111112503	0
"plasma membrane"	GO:0005886;GO:0016020	3	LOC111112599	0
"plasma membrane"	GO:0005886;GO:0016020	3	LOC111112729	0
"plasma membrane"	GO:0005886;GO:0016020	3	LOC111113355	0
"plasma membrane"	GO:0005886;GO:0016020	3	LOC111114609	0
"plasma membrane"	GO:0005886;GO:0016020	3	LOC111114799	0
"plasma membrane"	GO:0005886;GO:0016020	3	LOC111114898	0
"plasma membrane"	GO:0005886;GO:0016020	3	LOC111114911	0
"plasma membrane"	GO:0005886;GO:0016020	3	LOC111114934	0
"plasma membrane"	GO:0005886;GO:0016020	3	LOC111115106	0
"plasma membrane"	GO:0005886;GO:0016020	3	LOC111115460	0
"plasma membrane"	GO:0005886;GO:0016020	3	LOC111115531	0
"plasma membrane"	GO:0005886;GO:0016020	3	LOC111115712	0
"plasma membrane"	GO:0005886;GO:0016020	3	LOC111115879	0
"plasma membrane"	GO:0005886;GO:0016020	3	LOC111115961	0
"plasma membrane"	GO:0005886;GO:0016020	3	LOC111115964	0
"plasma membrane"	GO:0005886;GO:0016020	3	LOC111115965	0
"plasma membrane"	GO:0005886;GO:0016020	3	LOC111117354	1
"plasma membrane"	GO:0005886;GO:0016020	3	LOC111117991	0
"plasma membrane"	GO:0005886;GO:0016020	3	LOC111118102	0
"plasma membrane"	GO:0005886;GO:0016020	3	LOC111118129	0
"plasma membrane"	GO:0005886;GO:0016020	3	LOC111118323	0
"plasma membrane"	GO:0005886;GO:0016020	3	LOC111118439	0
"plasma membrane"	GO:0005886;GO:0016020	3	LOC111118588	0
"plasma membrane"	GO:0005886;GO:0016020	3	LOC111119024	0
"plasma membrane"	GO:0005886;GO:0016020	3	LOC111119110	0
"plasma membrane"	GO:0005886;GO:0016020	3	LOC111119639	0
"plasma membrane"	GO:0005886;GO:0016020	3	LOC111119664	1
"plasma membrane"	GO:0005886;GO:0016020	3	LOC111119708	0
"plasma membrane"	GO:0005886;GO:0016020	3	LOC111119729	0
"plasma membrane"	GO:0005886;GO:0016020	3	LOC111119735	0
"plasma membrane"	GO:0005886;GO:0016020	3	LOC111119991	1
"plasma membrane"	GO:0005886;GO:0016020	3	LOC111120036	0
"plasma membrane"	GO:0005886;GO:0016020	3	LOC111120121	0
"plasma membrane"	GO:0005886;GO:0016020	3	LOC111120299	0
"plasma membrane"	GO:0005886;GO:0016020	3	LOC111120474	0
"plasma membrane"	GO:0005886;GO:0016020	3	LOC111120490	1
"plasma membrane"	GO:0005886;GO:0016020	3	LOC111120497	0
"plasma membrane"	GO:0005886;GO:0016020	3	LOC111120661	0
"plasma membrane"	GO:0005886;GO:0016020	3	LOC111120889	0
"plasma membrane"	GO:0005886;GO:0016020	3	LOC111120974	0
"plasma membrane"	GO:0005886;GO:0016020	3	LOC111121309	0
"plasma membrane"	GO:0005886;GO:0016020	3	LOC111121323	0
"plasma membrane"	GO:0005886;GO:0016020	3	LOC111121413	0
"plasma membrane"	GO:0005886;GO:0016020	3	LOC111122047	0
"plasma membrane"	GO:0005886;GO:0016020	3	LOC111122160	0
"plasma membrane"	GO:0005886;GO:0016020	3	LOC111122219	0
"plasma membrane"	GO:0005886;GO:0016020	3	LOC111122223	0
"plasma membrane"	GO:0005886;GO:0016020	3	LOC111122316	1
"plasma membrane"	GO:0005886;GO:0016020	3	LOC111122895	0
"plasma membrane"	GO:0005886;GO:0016020	3	LOC111122906	0
"plasma membrane"	GO:0005886;GO:0016020	3	LOC111123074	0
"plasma membrane"	GO:0005886;GO:0016020	3	LOC111123116	0
"plasma membrane"	GO:0005886;GO:0016020	3	LOC111123243	1
"plasma membrane"	GO:0005886;GO:0016020	3	LOC111123834	0
"plasma membrane"	GO:0005886;GO:0016020	3	LOC111124720	0
"plasma membrane"	GO:0005886;GO:0016020	3	LOC111124816	0
"plasma membrane"	GO:0005886;GO:0016020	3	LOC111124820	0
"plasma membrane"	GO:0005886;GO:0016020	3	LOC111124833	0
"plasma membrane"	GO:0005886;GO:0016020	3	LOC111124899	0
"plasma membrane"	GO:0005886;GO:0016020	3	LOC111125237	0
"plasma membrane"	GO:0005886;GO:0016020	3	LOC111125288	1
"plasma membrane"	GO:0005886;GO:0016020	3	LOC111125296	0
"plasma membrane"	GO:0005886;GO:0016020	3	LOC111125388	0
"plasma membrane"	GO:0005886;GO:0016020	3	LOC111125389	0
"plasma membrane"	GO:0005886;GO:0016020	3	LOC111125390	0
"plasma membrane"	GO:0005886;GO:0016020	3	LOC111125571	1
"plasma membrane"	GO:0005886;GO:0016020	3	LOC111126038	0
"plasma membrane"	GO:0005886;GO:0016020	3	LOC111126194	0
"plasma membrane"	GO:0005886;GO:0016020	3	LOC111126326	0
"plasma membrane"	GO:0005886;GO:0016020	3	LOC111126616	0
"plasma membrane"	GO:0005886;GO:0016020	3	LOC111126622	0
"plasma membrane"	GO:0005886;GO:0016020	3	LOC111126936	0
"plasma membrane"	GO:0005886;GO:0016020	3	LOC111127302	0
"plasma membrane"	GO:0005886;GO:0016020	3	LOC111127356	0
"plasma membrane"	GO:0005886;GO:0016020	3	LOC111127473	0
"plasma membrane"	GO:0005886;GO:0016020	3	LOC111128025	0
"plasma membrane"	GO:0005886;GO:0016020	3	LOC111128029	0
"plasma membrane"	GO:0005886;GO:0016020	3	LOC111128029	0
"plasma membrane"	GO:0005886;GO:0016020	3	LOC111128040	0
"plasma membrane"	GO:0005886;GO:0016020	3	LOC111128042	0
"plasma membrane"	GO:0005886;GO:0016020	3	LOC111128056	0
"plasma membrane"	GO:0005886;GO:0016020	3	LOC111128103	0
"plasma membrane"	GO:0005886;GO:0016020	3	LOC111128185	0
"plasma membrane"	GO:0005886;GO:0016020	3	LOC111128383	1
"plasma membrane"	GO:0005886;GO:0016020	3	LOC111128455	0
"plasma membrane"	GO:0005886;GO:0016020	3	LOC111128527	0
"plasma membrane"	GO:0005886;GO:0016020	3	LOC111128642	1
"plasma membrane"	GO:0005886;GO:0016020	3	LOC111128815	0
"plasma membrane"	GO:0005886;GO:0016020	3	LOC111129028	0
"plasma membrane"	GO:0005886;GO:0016020	3	LOC111129029	0
"plasma membrane"	GO:0005886;GO:0016020	3	LOC111129088	0
"plasma membrane"	GO:0005886;GO:0016020	3	LOC111129285	0
"plasma membrane"	GO:0005886;GO:0016020	3	LOC111129286	0
"plasma membrane"	GO:0005886;GO:0016020	3	LOC111129287	0
"plasma membrane"	GO:0005886;GO:0016020	3	LOC111129446	0
"plasma membrane"	GO:0005886;GO:0016020	3	LOC111129819	0
"plasma membrane"	GO:0005886;GO:0016020	3	LOC111129866	0
"plasma membrane"	GO:0005886;GO:0016020	3	LOC111129873	0
"plasma membrane"	GO:0005886;GO:0016020	3	LOC111129996	0
"plasma membrane"	GO:0005886;GO:0016020	3	LOC111130000	0
"plasma membrane"	GO:0005886;GO:0016020	3	LOC111130081	0
"plasma membrane"	GO:0005886;GO:0016020	3	LOC111130114	0
"plasma membrane"	GO:0005886;GO:0016020	3	LOC111130479	0
"plasma membrane"	GO:0005886;GO:0016020	3	LOC111130622	0
"plasma membrane"	GO:0005886;GO:0016020	3	LOC111130673	0
"plasma membrane"	GO:0005886;GO:0016020	3	LOC111130733	0
"plasma membrane"	GO:0005886;GO:0016020	3	LOC111130902	0
"plasma membrane"	GO:0005886;GO:0016020	3	LOC111131112	0
"plasma membrane"	GO:0005886;GO:0016020	3	LOC111131382	0
"plasma membrane"	GO:0005886;GO:0016020	3	LOC111131384	0
"plasma membrane"	GO:0005886;GO:0016020	3	LOC111131487	0
"plasma membrane"	GO:0005886;GO:0016020	3	LOC111131641	0
"plasma membrane"	GO:0005886;GO:0016020	3	LOC111131654	0
"plasma membrane"	GO:0005886;GO:0016020	3	LOC111131682	0
"plasma membrane"	GO:0005886;GO:0016020	3	LOC111131843	0
"plasma membrane"	GO:0005886;GO:0016020	3	LOC111132098	0
"plasma membrane"	GO:0005886;GO:0016020	3	LOC111132132	0
"plasma membrane"	GO:0005886;GO:0016020	3	LOC111132425	0
"plasma membrane"	GO:0005886;GO:0016020	3	LOC111132665	0
"plasma membrane"	GO:0005886;GO:0016020	3	LOC111132856	0
"plasma membrane"	GO:0005886;GO:0016020	3	LOC111133350	0
"plasma membrane"	GO:0005886;GO:0016020	3	LOC111133403	0
"plasma membrane"	GO:0005886;GO:0016020	3	LOC111133506	0
"plasma membrane"	GO:0005886;GO:0016020	3	LOC111133898	0
"plasma membrane"	GO:0005886;GO:0016020	3	LOC111134031	0
"plasma membrane"	GO:0005886;GO:0016020	3	LOC111134120	0
"plasma membrane"	GO:0005886;GO:0016020	3	LOC111134275	0
"plasma membrane"	GO:0005886;GO:0016020	3	LOC111134302	0
"plasma membrane"	GO:0005886;GO:0016020	3	LOC111134676	0
"plasma membrane"	GO:0005886;GO:0016020	3	LOC111134754	0
"plasma membrane"	GO:0005886;GO:0016020	3	LOC111134796	0
"plasma membrane"	GO:0005886;GO:0016020	3	LOC111134817	1
"plasma membrane"	GO:0005886;GO:0016020	3	LOC111134839	0
"plasma membrane"	GO:0005886;GO:0016020	3	LOC111134903	1
"plasma membrane"	GO:0005886;GO:0016020	3	LOC111135135	0
"plasma membrane"	GO:0005886;GO:0016020	3	LOC111135357	0
"plasma membrane"	GO:0005886;GO:0016020	3	LOC111135361	0
"plasma membrane"	GO:0005886;GO:0016020	3	LOC111135718	0
"plasma membrane"	GO:0005886;GO:0016020	3	LOC111135719	0
"plasma membrane"	GO:0005886;GO:0016020	3	LOC111135973	0
"plasma membrane"	GO:0005886;GO:0016020	3	LOC111136243	0
"plasma membrane"	GO:0005886;GO:0016020	3	LOC111136315	0
"plasma membrane"	GO:0005886;GO:0016020	3	LOC111136521	0
"plasma membrane"	GO:0005886;GO:0016020	3	LOC111136571	0
"plasma membrane"	GO:0005886;GO:0016020	3	LOC111136786	0
"plasma membrane"	GO:0005886;GO:0016020	3	LOC111136787	0
"plasma membrane"	GO:0005886;GO:0016020	3	LOC111136845	0
"plasma membrane"	GO:0005886;GO:0016020	3	LOC111136873	0
"plasma membrane"	GO:0005886;GO:0016020	3	LOC111137086	1
"plasma membrane"	GO:0005886;GO:0016020	3	LOC111137144	0
"plasma membrane"	GO:0005886;GO:0016020	3	LOC111137496	0
"plasma membrane"	GO:0005886;GO:0016020	3	LOC111137537	0
"plasma membrane"	GO:0005886;GO:0016020	3	LOC111137595	0
"plasma membrane"	GO:0005886;GO:0016020	3	LOC111137666	0
"plasma membrane"	GO:0005886;GO:0016020	3	LOC111137900	0
"plasma membrane"	GO:0005886;GO:0016020	3	LOC111137927	0
"plasma membrane"	GO:0005886;GO:0016020	3	LOC111137972	0
"plasma membrane"	GO:0005886;GO:0016020	3	LOC111138028	0
"plasma membrane"	GO:0005886;GO:0016020	3	LOC111138181	0
"plasma membrane"	GO:0005886;GO:0016020	3	LOC111138521	0
"organelle envelope"	GO:0005635;GO:0031967;GO:0031975	3	LOC111104399	0
"organelle envelope"	GO:0005635;GO:0031967;GO:0031975	3	LOC111105304	0
"organelle envelope"	GO:0005635;GO:0031967;GO:0031975	3	LOC111113355	0
"organelle envelope"	GO:0005635;GO:0031967;GO:0031975	3	LOC111113372	0
"organelle envelope"	GO:0005635;GO:0031967;GO:0031975	3	LOC111119803	0
"organelle envelope"	GO:0005635;GO:0031967;GO:0031975	3	LOC111125942	0
"organelle envelope"	GO:0005635;GO:0031967;GO:0031975	3	LOC111127806	0
"organelle envelope"	GO:0005635;GO:0031967;GO:0031975	3	LOC111130369	0
"organelle envelope"	GO:0005635;GO:0031967;GO:0031975	3	LOC111130714	0
"organelle envelope"	GO:0005635;GO:0031967;GO:0031975	3	LOC111133004	0
"organelle envelope"	GO:0005635;GO:0031967;GO:0031975	3	LOC111135047	0
"organelle envelope"	GO:0005635;GO:0031967;GO:0031975	3	LOC111137570	0
"organelle envelope"	GO:0005635;GO:0031967;GO:0031975	3	LOC111137632	0
"organelle envelope"	GO:0005635;GO:0031967;GO:0031975	3	LOC111138059	0
"endosome"	GO:0005768	2	LOC111099870	0
"endosome"	GO:0005768	2	LOC111109768	0
"endosome"	GO:0005768	2	LOC111110723	0
"endosome"	GO:0005768	2	LOC111111248	0
"endosome"	GO:0005768	2	LOC111111646	0
"endosome"	GO:0005768	2	LOC111115040	0
"endosome"	GO:0005768	2	LOC111115463	0
"endosome"	GO:0005768	2	LOC111115803	0
"endosome"	GO:0005768	2	LOC111120056	0
"endosome"	GO:0005768	2	LOC111124835	0
"endosome"	GO:0005768	2	LOC111125581	0
"endosome"	GO:0005768	2	LOC111125790	0
"endosome"	GO:0005768	2	LOC111128302	0
"endosome"	GO:0005768	2	LOC111128492	0
"endosome"	GO:0005768	2	LOC111129003	1
"endosome"	GO:0005768	2	LOC111129498	1
"endosome"	GO:0005768	2	LOC111130286	0
"endosome"	GO:0005768	2	LOC111130431	0
"endosome"	GO:0005768	2	LOC111130544	1
"endosome"	GO:0005768	2	LOC111135380	0
"endosome"	GO:0005768	2	LOC111136252	0
"endosome"	GO:0005768	2	LOC111137341	1
"endosome"	GO:0005768	2	LOC111138475	0
"nuclear chromosome"	GO:0000228	6	LOC111103287	0
"nuclear chromosome"	GO:0000228	6	LOC111104074	0
"nuclear chromosome"	GO:0000228	6	LOC111106822	0
"nuclear chromosome"	GO:0000228	6	LOC111107795	0
"nuclear chromosome"	GO:0000228	6	LOC111107796	0
"nuclear chromosome"	GO:0000228	6	LOC111109993	0
"nuclear chromosome"	GO:0000228	6	LOC111110428	0
"nuclear chromosome"	GO:0000228	6	LOC111111225	0
"nuclear chromosome"	GO:0000228	6	LOC111112679	0
"nuclear chromosome"	GO:0000228	6	LOC111112682	0
"nuclear chromosome"	GO:0000228	6	LOC111112685	0
"nuclear chromosome"	GO:0000228	6	LOC111114721	1
"nuclear chromosome"	GO:0000228	6	LOC111115908	0
"nuclear chromosome"	GO:0000228	6	LOC111115993	0
"nuclear chromosome"	GO:0000228	6	LOC111116352	1
"nuclear chromosome"	GO:0000228	6	LOC111116352	1
"nuclear chromosome"	GO:0000228	6	LOC111118411	0
"nuclear chromosome"	GO:0000228	6	LOC111119138	0
"nuclear chromosome"	GO:0000228	6	LOC111119171	0
"nuclear chromosome"	GO:0000228	6	LOC111119181	0
"nuclear chromosome"	GO:0000228	6	LOC111119222	0
"nuclear chromosome"	GO:0000228	6	LOC111119845	0
"nuclear chromosome"	GO:0000228	6	LOC111120622	0
"nuclear chromosome"	GO:0000228	6	LOC111122879	0
"nuclear chromosome"	GO:0000228	6	LOC111123971	0
"nuclear chromosome"	GO:0000228	6	LOC111124467	0
"nuclear chromosome"	GO:0000228	6	LOC111125539	0
"nuclear chromosome"	GO:0000228	6	LOC111126154	0
"nuclear chromosome"	GO:0000228	6	LOC111126757	0
"nuclear chromosome"	GO:0000228	6	LOC111128164	0
"nuclear chromosome"	GO:0000228	6	LOC111128530	1
"nuclear chromosome"	GO:0000228	6	LOC111128978	0
"nuclear chromosome"	GO:0000228	6	LOC111129965	0
"nuclear chromosome"	GO:0000228	6	LOC111132875	0
"nuclear chromosome"	GO:0000228	6	LOC111132990	1
"nuclear chromosome"	GO:0000228	6	LOC111133172	0
"nuclear chromosome"	GO:0000228	6	LOC111134328	0
"nuclear chromosome"	GO:0000228	6	LOC111134365	0
"nuclear chromosome"	GO:0000228	6	LOC111134455	0
"nuclear chromosome"	GO:0000228	6	LOC111135275	0
"nuclear chromosome"	GO:0000228	6	LOC111135935	1
"nuclear chromosome"	GO:0000228	6	LOC111135941	0
"nuclear chromosome"	GO:0000228	6	LOC111136493	0
"nuclear chromosome"	GO:0000228	6	LOC111136972	0
"cytoplasmic vesicle"	GO:0031410;GO:0097708;GO:0031982	6	LOC111099870	0
"cytoplasmic vesicle"	GO:0031410;GO:0097708;GO:0031982	6	LOC111105831	0
"cytoplasmic vesicle"	GO:0031410;GO:0097708;GO:0031982	6	LOC111106055	0
"cytoplasmic vesicle"	GO:0031410;GO:0097708;GO:0031982	6	LOC111106242	0
"cytoplasmic vesicle"	GO:0031410;GO:0097708;GO:0031982	6	LOC111106304	0
"cytoplasmic vesicle"	GO:0031410;GO:0097708;GO:0031982	6	LOC111107029	0
"cytoplasmic vesicle"	GO:0031410;GO:0097708;GO:0031982	6	LOC111107485	0
"cytoplasmic vesicle"	GO:0031410;GO:0097708;GO:0031982	6	LOC111107724	0
"cytoplasmic vesicle"	GO:0031410;GO:0097708;GO:0031982	6	LOC111108191	0
"cytoplasmic vesicle"	GO:0031410;GO:0097708;GO:0031982	6	LOC111109418	0
"cytoplasmic vesicle"	GO:0031410;GO:0097708;GO:0031982	6	LOC111109471	0
"cytoplasmic vesicle"	GO:0031410;GO:0097708;GO:0031982	6	LOC111109502	0
"cytoplasmic vesicle"	GO:0031410;GO:0097708;GO:0031982	6	LOC111109768	0
"cytoplasmic vesicle"	GO:0031410;GO:0097708;GO:0031982	6	LOC111109947	0
"cytoplasmic vesicle"	GO:0031410;GO:0097708;GO:0031982	6	LOC111110132	0
"cytoplasmic vesicle"	GO:0031410;GO:0097708;GO:0031982	6	LOC111110150	0
"cytoplasmic vesicle"	GO:0031410;GO:0097708;GO:0031982	6	LOC111110446	0
"cytoplasmic vesicle"	GO:0031410;GO:0097708;GO:0031982	6	LOC111110447	0
"cytoplasmic vesicle"	GO:0031410;GO:0097708;GO:0031982	6	LOC111110608	0
"cytoplasmic vesicle"	GO:0031410;GO:0097708;GO:0031982	6	LOC111110630	0
"cytoplasmic vesicle"	GO:0031410;GO:0097708;GO:0031982	6	LOC111110660	0
"cytoplasmic vesicle"	GO:0031410;GO:0097708;GO:0031982	6	LOC111110684	1
"cytoplasmic vesicle"	GO:0031410;GO:0097708;GO:0031982	6	LOC111110723	0
"cytoplasmic vesicle"	GO:0031410;GO:0097708;GO:0031982	6	LOC111111248	0
"cytoplasmic vesicle"	GO:0031410;GO:0097708;GO:0031982	6	LOC111111646	0
"cytoplasmic vesicle"	GO:0031410;GO:0097708;GO:0031982	6	LOC111115040	0
"cytoplasmic vesicle"	GO:0031410;GO:0097708;GO:0031982	6	LOC111115463	0
"cytoplasmic vesicle"	GO:0031410;GO:0097708;GO:0031982	6	LOC111115803	0
"cytoplasmic vesicle"	GO:0031410;GO:0097708;GO:0031982	6	LOC111119407	0
"cytoplasmic vesicle"	GO:0031410;GO:0097708;GO:0031982	6	LOC111119408	0
"cytoplasmic vesicle"	GO:0031410;GO:0097708;GO:0031982	6	LOC111119729	0
"cytoplasmic vesicle"	GO:0031410;GO:0097708;GO:0031982	6	LOC111119735	0
"cytoplasmic vesicle"	GO:0031410;GO:0097708;GO:0031982	6	LOC111119991	1
"cytoplasmic vesicle"	GO:0031410;GO:0097708;GO:0031982	6	LOC111120056	0
"cytoplasmic vesicle"	GO:0031410;GO:0097708;GO:0031982	6	LOC111120132	0
"cytoplasmic vesicle"	GO:0031410;GO:0097708;GO:0031982	6	LOC111120299	0
"cytoplasmic vesicle"	GO:0031410;GO:0097708;GO:0031982	6	LOC111121413	0
"cytoplasmic vesicle"	GO:0031410;GO:0097708;GO:0031982	6	LOC111122020	0
"cytoplasmic vesicle"	GO:0031410;GO:0097708;GO:0031982	6	LOC111122671	0
"cytoplasmic vesicle"	GO:0031410;GO:0097708;GO:0031982	6	LOC111124650	0
"cytoplasmic vesicle"	GO:0031410;GO:0097708;GO:0031982	6	LOC111124835	0
"cytoplasmic vesicle"	GO:0031410;GO:0097708;GO:0031982	6	LOC111125194	0
"cytoplasmic vesicle"	GO:0031410;GO:0097708;GO:0031982	6	LOC111125581	0
"cytoplasmic vesicle"	GO:0031410;GO:0097708;GO:0031982	6	LOC111125644	1
"cytoplasmic vesicle"	GO:0031410;GO:0097708;GO:0031982	6	LOC111125790	0
"cytoplasmic vesicle"	GO:0031410;GO:0097708;GO:0031982	6	LOC111126461	0
"cytoplasmic vesicle"	GO:0031410;GO:0097708;GO:0031982	6	LOC111126791	0
"cytoplasmic vesicle"	GO:0031410;GO:0097708;GO:0031982	6	LOC111128302	0
"cytoplasmic vesicle"	GO:0031410;GO:0097708;GO:0031982	6	LOC111128492	0
"cytoplasmic vesicle"	GO:0031410;GO:0097708;GO:0031982	6	LOC111128883	0
"cytoplasmic vesicle"	GO:0031410;GO:0097708;GO:0031982	6	LOC111129003	1
"cytoplasmic vesicle"	GO:0031410;GO:0097708;GO:0031982	6	LOC111129498	1
"cytoplasmic vesicle"	GO:0031410;GO:0097708;GO:0031982	6	LOC111130009	0
"cytoplasmic vesicle"	GO:0031410;GO:0097708;GO:0031982	6	LOC111130286	0
"cytoplasmic vesicle"	GO:0031410;GO:0097708;GO:0031982	6	LOC111130431	0
"cytoplasmic vesicle"	GO:0031410;GO:0097708;GO:0031982	6	LOC111130544	1
"cytoplasmic vesicle"	GO:0031410;GO:0097708;GO:0031982	6	LOC111134059	0
"cytoplasmic vesicle"	GO:0031410;GO:0097708;GO:0031982	6	LOC111134347	0
"cytoplasmic vesicle"	GO:0031410;GO:0097708;GO:0031982	6	LOC111135221	0
"cytoplasmic vesicle"	GO:0031410;GO:0097708;GO:0031982	6	LOC111135380	0
"cytoplasmic vesicle"	GO:0031410;GO:0097708;GO:0031982	6	LOC111136252	0
"cytoplasmic vesicle"	GO:0031410;GO:0097708;GO:0031982	6	LOC111136845	0
"cytoplasmic vesicle"	GO:0031410;GO:0097708;GO:0031982	6	LOC111137341	1
"cytoplasmic vesicle"	GO:0031410;GO:0097708;GO:0031982	6	LOC111137727	1
"cytoplasmic vesicle"	GO:0031410;GO:0097708;GO:0031982	6	LOC111137927	0
"cytoplasmic vesicle"	GO:0031410;GO:0097708;GO:0031982	6	LOC111138475	0
"ribosome"	GO:0005840	3	LOC111099110	0
"ribosome"	GO:0005840	3	LOC111099211	0
"ribosome"	GO:0005840	3	LOC111100389	0
"ribosome"	GO:0005840	3	LOC111100795	0
"ribosome"	GO:0005840	3	LOC111100896	0
"ribosome"	GO:0005840	3	LOC111101598	0
"ribosome"	GO:0005840	3	LOC111102422	0
"ribosome"	GO:0005840	3	LOC111102446	0
"ribosome"	GO:0005840	3	LOC111103596	0
"ribosome"	GO:0005840	3	LOC111103885	0
"ribosome"	GO:0005840	3	LOC111103930	0
"ribosome"	GO:0005840	3	LOC111104440	0
"ribosome"	GO:0005840	3	LOC111105633	0
"ribosome"	GO:0005840	3	LOC111106980	0
"ribosome"	GO:0005840	3	LOC111107279	0
"ribosome"	GO:0005840	3	LOC111108410	0
"ribosome"	GO:0005840	3	LOC111109447	0
"ribosome"	GO:0005840	3	LOC111111037	1
"ribosome"	GO:0005840	3	LOC111111589	0
"ribosome"	GO:0005840	3	LOC111112013	0
"ribosome"	GO:0005840	3	LOC111115418	0
"ribosome"	GO:0005840	3	LOC111115419	0
"ribosome"	GO:0005840	3	LOC111118826	0
"ribosome"	GO:0005840	3	LOC111119102	0
"ribosome"	GO:0005840	3	LOC111119292	0
"ribosome"	GO:0005840	3	LOC111120116	0
"ribosome"	GO:0005840	3	LOC111120246	0
"ribosome"	GO:0005840	3	LOC111120346	0
"ribosome"	GO:0005840	3	LOC111120773	0
"ribosome"	GO:0005840	3	LOC111120856	0
"ribosome"	GO:0005840	3	LOC111120953	0
"ribosome"	GO:0005840	3	LOC111121111	0
"ribosome"	GO:0005840	3	LOC111122061	0
"ribosome"	GO:0005840	3	LOC111122549	0
"ribosome"	GO:0005840	3	LOC111122790	0
"ribosome"	GO:0005840	3	LOC111122954	0
"ribosome"	GO:0005840	3	LOC111123128	1
"ribosome"	GO:0005840	3	LOC111123130	1
"ribosome"	GO:0005840	3	LOC111123264	1
"ribosome"	GO:0005840	3	LOC111123264	1
"ribosome"	GO:0005840	3	LOC111123890	0
"ribosome"	GO:0005840	3	LOC111123890	0
"ribosome"	GO:0005840	3	LOC111123912	0
"ribosome"	GO:0005840	3	LOC111124238	0
"ribosome"	GO:0005840	3	LOC111124535	0
"ribosome"	GO:0005840	3	LOC111124699	1
"ribosome"	GO:0005840	3	LOC111124877	0
"ribosome"	GO:0005840	3	LOC111124996	0
"ribosome"	GO:0005840	3	LOC111125014	0
"ribosome"	GO:0005840	3	LOC111125154	0
"ribosome"	GO:0005840	3	LOC111125783	1
"ribosome"	GO:0005840	3	LOC111125994	0
"ribosome"	GO:0005840	3	LOC111126112	0
"ribosome"	GO:0005840	3	LOC111126172	0
"ribosome"	GO:0005840	3	LOC111126819	0
"ribosome"	GO:0005840	3	LOC111127107	0
"ribosome"	GO:0005840	3	LOC111127126	0
"ribosome"	GO:0005840	3	LOC111127508	0
"ribosome"	GO:0005840	3	LOC111127584	0
"ribosome"	GO:0005840	3	LOC111128235	0
"ribosome"	GO:0005840	3	LOC111128549	0
"ribosome"	GO:0005840	3	LOC111128871	0
"ribosome"	GO:0005840	3	LOC111129079	0
"ribosome"	GO:0005840	3	LOC111129146	0
"ribosome"	GO:0005840	3	LOC111129296	0
"ribosome"	GO:0005840	3	LOC111129320	0
"ribosome"	GO:0005840	3	LOC111129351	0
"ribosome"	GO:0005840	3	LOC111129707	0
"ribosome"	GO:0005840	3	LOC111129922	0
"ribosome"	GO:0005840	3	LOC111130052	0
"ribosome"	GO:0005840	3	LOC111130192	0
"ribosome"	GO:0005840	3	LOC111130295	0
"ribosome"	GO:0005840	3	LOC111130297	0
"ribosome"	GO:0005840	3	LOC111130353	0
"ribosome"	GO:0005840	3	LOC111130456	0
"ribosome"	GO:0005840	3	LOC111130739	0
"ribosome"	GO:0005840	3	LOC111131058	0
"ribosome"	GO:0005840	3	LOC111131170	0
"ribosome"	GO:0005840	3	LOC111131220	0
"ribosome"	GO:0005840	3	LOC111131337	0
"ribosome"	GO:0005840	3	LOC111131409	0
"ribosome"	GO:0005840	3	LOC111131676	0
"ribosome"	GO:0005840	3	LOC111131806	0
"ribosome"	GO:0005840	3	LOC111131863	0
"ribosome"	GO:0005840	3	LOC111132289	0
"ribosome"	GO:0005840	3	LOC111132338	0
"ribosome"	GO:0005840	3	LOC111133006	0
"ribosome"	GO:0005840	3	LOC111133144	1
"ribosome"	GO:0005840	3	LOC111133205	0
"ribosome"	GO:0005840	3	LOC111133229	0
"ribosome"	GO:0005840	3	LOC111133414	0
"ribosome"	GO:0005840	3	LOC111133506	0
"ribosome"	GO:0005840	3	LOC111133949	1
"ribosome"	GO:0005840	3	LOC111134417	0
"ribosome"	GO:0005840	3	LOC111134423	1
"ribosome"	GO:0005840	3	LOC111134478	0
"ribosome"	GO:0005840	3	LOC111134599	0
"ribosome"	GO:0005840	3	LOC111134802	0
"ribosome"	GO:0005840	3	LOC111135173	0
"ribosome"	GO:0005840	3	LOC111135187	0
"ribosome"	GO:0005840	3	LOC111135259	0
"ribosome"	GO:0005840	3	LOC111135433	0
"ribosome"	GO:0005840	3	LOC111135437	0
"ribosome"	GO:0005840	3	LOC111135463	0
"ribosome"	GO:0005840	3	LOC111135484	0
"ribosome"	GO:0005840	3	LOC111135578	1
"ribosome"	GO:0005840	3	LOC111135631	0
"ribosome"	GO:0005840	3	LOC111135739	0
"ribosome"	GO:0005840	3	LOC111135969	0
"ribosome"	GO:0005840	3	LOC111136382	0
"ribosome"	GO:0005840	3	LOC111136511	0
"ribosome"	GO:0005840	3	LOC111136673	0
"ribosome"	GO:0005840	3	LOC111137000	0
"ribosome"	GO:0005840	3	LOC111137051	0
"ribosome"	GO:0005840	3	LOC111137968	0
"ribosome"	GO:0005840	3	LOC111137969	0
"ribosome"	GO:0005840	3	LOC111138027	0
"ribosome"	GO:0005840	3	LOC111138124	0
"ribosome"	GO:0005840	3	LOC111138129	0
"ribosome"	GO:0005840	3	LOC111138348	0
"chromosome"	GO:0005694	2	LOC111099721	0
"chromosome"	GO:0005694	2	LOC111100344	0
"chromosome"	GO:0005694	2	LOC111100396	0
"chromosome"	GO:0005694	2	LOC111100466	0
"chromosome"	GO:0005694	2	LOC111101017	0
"chromosome"	GO:0005694	2	LOC111102179	0
"chromosome"	GO:0005694	2	LOC111102980	0
"chromosome"	GO:0005694	2	LOC111103244	0
"chromosome"	GO:0005694	2	LOC111103287	0
"chromosome"	GO:0005694	2	LOC111103287	0
"chromosome"	GO:0005694	2	LOC111104074	0
"chromosome"	GO:0005694	2	LOC111104737	0
"chromosome"	GO:0005694	2	LOC111105250	0
"chromosome"	GO:0005694	2	LOC111105251	0
"chromosome"	GO:0005694	2	LOC111105418	0
"chromosome"	GO:0005694	2	LOC111106822	0
"chromosome"	GO:0005694	2	LOC111107795	0
"chromosome"	GO:0005694	2	LOC111107796	0
"chromosome"	GO:0005694	2	LOC111108089	0
"chromosome"	GO:0005694	2	LOC111108124	0
"chromosome"	GO:0005694	2	LOC111109993	0
"chromosome"	GO:0005694	2	LOC111110428	0
"chromosome"	GO:0005694	2	LOC111110504	0
"chromosome"	GO:0005694	2	LOC111110636	0
"chromosome"	GO:0005694	2	LOC111110978	0
"chromosome"	GO:0005694	2	LOC111111225	0
"chromosome"	GO:0005694	2	LOC111112488	0
"chromosome"	GO:0005694	2	LOC111112494	0
"chromosome"	GO:0005694	2	LOC111112679	0
"chromosome"	GO:0005694	2	LOC111112682	0
"chromosome"	GO:0005694	2	LOC111112685	0
"chromosome"	GO:0005694	2	LOC111114230	0
"chromosome"	GO:0005694	2	LOC111114721	1
"chromosome"	GO:0005694	2	LOC111115908	0
"chromosome"	GO:0005694	2	LOC111115939	0
"chromosome"	GO:0005694	2	LOC111115959	0
"chromosome"	GO:0005694	2	LOC111115993	0
"chromosome"	GO:0005694	2	LOC111116059	0
"chromosome"	GO:0005694	2	LOC111116077	0
"chromosome"	GO:0005694	2	LOC111116352	1
"chromosome"	GO:0005694	2	LOC111116352	1
"chromosome"	GO:0005694	2	LOC111117924	1
"chromosome"	GO:0005694	2	LOC111118411	0
"chromosome"	GO:0005694	2	LOC111118432	0
"chromosome"	GO:0005694	2	LOC111119138	0
"chromosome"	GO:0005694	2	LOC111119161	0
"chromosome"	GO:0005694	2	LOC111119171	0
"chromosome"	GO:0005694	2	LOC111119181	0
"chromosome"	GO:0005694	2	LOC111119181	0
"chromosome"	GO:0005694	2	LOC111119222	0
"chromosome"	GO:0005694	2	LOC111119480	0
"chromosome"	GO:0005694	2	LOC111119485	0
"chromosome"	GO:0005694	2	LOC111119775	0
"chromosome"	GO:0005694	2	LOC111119845	0
"chromosome"	GO:0005694	2	LOC111119982	0
"chromosome"	GO:0005694	2	LOC111119987	0
"chromosome"	GO:0005694	2	LOC111120077	0
"chromosome"	GO:0005694	2	LOC111120622	0
"chromosome"	GO:0005694	2	LOC111120622	0
"chromosome"	GO:0005694	2	LOC111120749	0
"chromosome"	GO:0005694	2	LOC111122145	0
"chromosome"	GO:0005694	2	LOC111122316	1
"chromosome"	GO:0005694	2	LOC111122318	0
"chromosome"	GO:0005694	2	LOC111122620	0
"chromosome"	GO:0005694	2	LOC111122653	0
"chromosome"	GO:0005694	2	LOC111122879	0
"chromosome"	GO:0005694	2	LOC111123324	0
"chromosome"	GO:0005694	2	LOC111123324	0
"chromosome"	GO:0005694	2	LOC111123324	0
"chromosome"	GO:0005694	2	LOC111123744	0
"chromosome"	GO:0005694	2	LOC111123778	0
"chromosome"	GO:0005694	2	LOC111123799	0
"chromosome"	GO:0005694	2	LOC111123821	1
"chromosome"	GO:0005694	2	LOC111123868	0
"chromosome"	GO:0005694	2	LOC111123971	0
"chromosome"	GO:0005694	2	LOC111123994	0
"chromosome"	GO:0005694	2	LOC111124173	0
"chromosome"	GO:0005694	2	LOC111124220	0
"chromosome"	GO:0005694	2	LOC111124221	0
"chromosome"	GO:0005694	2	LOC111124467	0
"chromosome"	GO:0005694	2	LOC111124492	0
"chromosome"	GO:0005694	2	LOC111124492	0
"chromosome"	GO:0005694	2	LOC111124493	0
"chromosome"	GO:0005694	2	LOC111124493	0
"chromosome"	GO:0005694	2	LOC111124493	0
"chromosome"	GO:0005694	2	LOC111124493	0
"chromosome"	GO:0005694	2	LOC111124508	0
"chromosome"	GO:0005694	2	LOC111124642	0
"chromosome"	GO:0005694	2	LOC111124642	0
"chromosome"	GO:0005694	2	LOC111124642	0
"chromosome"	GO:0005694	2	LOC111124662	0
"chromosome"	GO:0005694	2	LOC111124662	0
"chromosome"	GO:0005694	2	LOC111124695	0
"chromosome"	GO:0005694	2	LOC111124719	0
"chromosome"	GO:0005694	2	LOC111124755	0
"chromosome"	GO:0005694	2	LOC111124756	0
"chromosome"	GO:0005694	2	LOC111124905	0
"chromosome"	GO:0005694	2	LOC111124955	0
"chromosome"	GO:0005694	2	LOC111124997	0
"chromosome"	GO:0005694	2	LOC111125033	0
"chromosome"	GO:0005694	2	LOC111125539	0
"chromosome"	GO:0005694	2	LOC111126154	0
"chromosome"	GO:0005694	2	LOC111126356	0
"chromosome"	GO:0005694	2	LOC111126757	0
"chromosome"	GO:0005694	2	LOC111126828	0
"chromosome"	GO:0005694	2	LOC111126829	0
"chromosome"	GO:0005694	2	LOC111126841	0
"chromosome"	GO:0005694	2	LOC111126969	0
"chromosome"	GO:0005694	2	LOC111127025	0
"chromosome"	GO:0005694	2	LOC111127037	0
"chromosome"	GO:0005694	2	LOC111127230	0
"chromosome"	GO:0005694	2	LOC111127234	0
"chromosome"	GO:0005694	2	LOC111127563	0
"chromosome"	GO:0005694	2	LOC111128029	0
"chromosome"	GO:0005694	2	LOC111128164	0
"chromosome"	GO:0005694	2	LOC111128351	0
"chromosome"	GO:0005694	2	LOC111128360	0
"chromosome"	GO:0005694	2	LOC111128530	1
"chromosome"	GO:0005694	2	LOC111128718	1
"chromosome"	GO:0005694	2	LOC111128978	0
"chromosome"	GO:0005694	2	LOC111129141	0
"chromosome"	GO:0005694	2	LOC111129659	0
"chromosome"	GO:0005694	2	LOC111129666	0
"chromosome"	GO:0005694	2	LOC111129691	0
"chromosome"	GO:0005694	2	LOC111129965	0
"chromosome"	GO:0005694	2	LOC111130280	0
"chromosome"	GO:0005694	2	LOC111130720	0
"chromosome"	GO:0005694	2	LOC111131098	0
"chromosome"	GO:0005694	2	LOC111131100	0
"chromosome"	GO:0005694	2	LOC111131116	0
"chromosome"	GO:0005694	2	LOC111131404	0
"chromosome"	GO:0005694	2	LOC111131768	0
"chromosome"	GO:0005694	2	LOC111132123	0
"chromosome"	GO:0005694	2	LOC111132332	0
"chromosome"	GO:0005694	2	LOC111132875	0
"chromosome"	GO:0005694	2	LOC111132922	0
"chromosome"	GO:0005694	2	LOC111132990	1
"chromosome"	GO:0005694	2	LOC111133172	0
"chromosome"	GO:0005694	2	LOC111133399	1
"chromosome"	GO:0005694	2	LOC111133399	1
"chromosome"	GO:0005694	2	LOC111133445	0
"chromosome"	GO:0005694	2	LOC111134328	0
"chromosome"	GO:0005694	2	LOC111134365	0
"chromosome"	GO:0005694	2	LOC111134416	0
"chromosome"	GO:0005694	2	LOC111134455	0
"chromosome"	GO:0005694	2	LOC111134572	0
"chromosome"	GO:0005694	2	LOC111134614	0
"chromosome"	GO:0005694	2	LOC111135163	0
"chromosome"	GO:0005694	2	LOC111135163	0
"chromosome"	GO:0005694	2	LOC111135164	0
"chromosome"	GO:0005694	2	LOC111135275	0
"chromosome"	GO:0005694	2	LOC111135787	1
"chromosome"	GO:0005694	2	LOC111135935	1
"chromosome"	GO:0005694	2	LOC111135941	0
"chromosome"	GO:0005694	2	LOC111136493	0
"chromosome"	GO:0005694	2	LOC111136609	0
"chromosome"	GO:0005694	2	LOC111136972	0
"chromosome"	GO:0005694	2	LOC111137389	0
"chromosome"	GO:0005694	2	LOC111137890	0
"microtubule organizing center"	GO:0005815	2	LOC111099531	0
"microtubule organizing center"	GO:0005815	2	LOC111099545	0
"microtubule organizing center"	GO:0005815	2	LOC111099597	0
"microtubule organizing center"	GO:0005815	2	LOC111099631	0
"microtubule organizing center"	GO:0005815	2	LOC111100277	0
"microtubule organizing center"	GO:0005815	2	LOC111100568	0
"microtubule organizing center"	GO:0005815	2	LOC111100644	0
"microtubule organizing center"	GO:0005815	2	LOC111100645	0
"microtubule organizing center"	GO:0005815	2	LOC111106316	0
"microtubule organizing center"	GO:0005815	2	LOC111110284	0
"microtubule organizing center"	GO:0005815	2	LOC111113430	0
"microtubule organizing center"	GO:0005815	2	LOC111122527	0
"microtubule organizing center"	GO:0005815	2	LOC111123870	0
"microtubule organizing center"	GO:0005815	2	LOC111124346	1
"microtubule organizing center"	GO:0005815	2	LOC111124470	0
"microtubule organizing center"	GO:0005815	2	LOC111124471	0
"microtubule organizing center"	GO:0005815	2	LOC111124939	0
"microtubule organizing center"	GO:0005815	2	LOC111124942	0
"microtubule organizing center"	GO:0005815	2	LOC111124943	0
"microtubule organizing center"	GO:0005815	2	LOC111124951	0
"microtubule organizing center"	GO:0005815	2	LOC111125061	0
"microtubule organizing center"	GO:0005815	2	LOC111125132	0
"microtubule organizing center"	GO:0005815	2	LOC111125297	0
"microtubule organizing center"	GO:0005815	2	LOC111126100	0
"microtubule organizing center"	GO:0005815	2	LOC111126132	0
"microtubule organizing center"	GO:0005815	2	LOC111126134	1
"microtubule organizing center"	GO:0005815	2	LOC111126204	0
"microtubule organizing center"	GO:0005815	2	LOC111126798	0
"microtubule organizing center"	GO:0005815	2	LOC111129279	0
"microtubule organizing center"	GO:0005815	2	LOC111129280	0
"microtubule organizing center"	GO:0005815	2	LOC111131439	0
"microtubule organizing center"	GO:0005815	2	LOC111132971	1
"microtubule organizing center"	GO:0005815	2	LOC111133229	0
"microtubule organizing center"	GO:0005815	2	LOC111133672	0
"microtubule organizing center"	GO:0005815	2	LOC111134242	0
"microtubule organizing center"	GO:0005815	2	LOC111134311	0
"microtubule organizing center"	GO:0005815	2	LOC111134664	0
"microtubule organizing center"	GO:0005815	2	LOC111134667	0
"microtubule organizing center"	GO:0005815	2	LOC111135445	0
"microtubule organizing center"	GO:0005815	2	LOC111136686	0
"microtubule organizing center"	GO:0005815	2	LOC111137000	0
"microtubule organizing center"	GO:0005815	2	LOC111137850	0
"microtubule organizing center"	GO:0005815	2	LOC111138041	0
"microbody"	GO:0005777;GO:0042579	5	LOC111103623	0
"microbody"	GO:0005777;GO:0042579	5	LOC111108274	0
"microbody"	GO:0005777;GO:0042579	5	LOC111108428	0
"microbody"	GO:0005777;GO:0042579	5	LOC111110868	0
"microbody"	GO:0005777;GO:0042579	5	LOC111119057	0
"microbody"	GO:0005777;GO:0042579	5	LOC111120761	0
"microbody"	GO:0005777;GO:0042579	5	LOC111122045	0
"microbody"	GO:0005777;GO:0042579	5	LOC111123641	0
"microbody"	GO:0005777;GO:0042579	5	LOC111126564	0
"microbody"	GO:0005777;GO:0042579	5	LOC111130743	1
"microbody"	GO:0005777;GO:0042579	5	LOC111131466	0
"microbody"	GO:0005777;GO:0042579	5	LOC111131466	0
"microbody"	GO:0005777;GO:0042579	5	LOC111134784	0
"microbody"	GO:0005777;GO:0042579	5	LOC111136341	0
"microbody"	GO:0005777;GO:0042579	5	LOC111136762	0
"cilium"	GO:0005929;GO:0120025;GO:0042995	3	LOC111099531	0
"cilium"	GO:0005929;GO:0120025;GO:0042995	3	LOC111100277	0
"cilium"	GO:0005929;GO:0120025;GO:0042995	3	LOC111100436	1
"cilium"	GO:0005929;GO:0120025;GO:0042995	3	LOC111100568	0
"cilium"	GO:0005929;GO:0120025;GO:0042995	3	LOC111102504	0
"cilium"	GO:0005929;GO:0120025;GO:0042995	3	LOC111102800	0
"cilium"	GO:0005929;GO:0120025;GO:0042995	3	LOC111104421	0
"cilium"	GO:0005929;GO:0120025;GO:0042995	3	LOC111110464	0
"cilium"	GO:0005929;GO:0120025;GO:0042995	3	LOC111115123	0
"cilium"	GO:0005929;GO:0120025;GO:0042995	3	LOC111115508	1
"cilium"	GO:0005929;GO:0120025;GO:0042995	3	LOC111120262	1
"cilium"	GO:0005929;GO:0120025;GO:0042995	3	LOC111123125	0
"cilium"	GO:0005929;GO:0120025;GO:0042995	3	LOC111123691	0
"cilium"	GO:0005929;GO:0120025;GO:0042995	3	LOC111127043	0
"cilium"	GO:0005929;GO:0120025;GO:0042995	3	LOC111129279	0
"cilium"	GO:0005929;GO:0120025;GO:0042995	3	LOC111129280	0
"cilium"	GO:0005929;GO:0120025;GO:0042995	3	LOC111130047	0
"cilium"	GO:0005929;GO:0120025;GO:0042995	3	LOC111132971	1
"cilium"	GO:0005929;GO:0120025;GO:0042995	3	LOC111134242	0
"cilium"	GO:0005929;GO:0120025;GO:0042995	3	LOC111134311	0
"cilium"	GO:0005929;GO:0120025;GO:0042995	3	LOC111134664	0
"cilium"	GO:0005929;GO:0120025;GO:0042995	3	LOC111134667	0
"cilium"	GO:0005929;GO:0120025;GO:0042995	3	LOC111135860	0
"cilium"	GO:0005929;GO:0120025;GO:0042995	3	LOC111136126	0
"cilium"	GO:0005929;GO:0120025;GO:0042995	3	LOC111136320	0
"cilium"	GO:0005929;GO:0120025;GO:0042995	3	LOC111136321	1
